mat_type,mat_group,GWP Intensity - No Filter mean,GWP Intensity - No Filter - Education mean,GWP Intensity - No Filter - Healthcare mean,GWP Intensity - No Filter - Laboratory mean,GWP Intensity - No Filter - Office mean,GWP Intensity - No Filter - Other mean,GWP Intensity - No Filter - Public Assembly mean,GWP Intensity - No Filter - Public Order and Safety mean,GWP Intensity - No Filter - Residential: Multifamily (5 or more units) mean,GWP Intensity - No Filter - Warehouse and Storage mean,Material Intensity - No Filter mean,Material Intensity - No Filter - Education mean,Material Intensity - No Filter - Healthcare mean,Material Intensity - No Filter - Laboratory mean,Material Intensity - No Filter - Office mean,Material Intensity - No Filter - Other mean,Material Intensity - No Filter - Public Assembly mean,Material Intensity - No Filter - Public Order and Safety mean,Material Intensity - No Filter - Residential: Multifamily (5 or more units) mean,Material Intensity - No Filter - Warehouse and Storage mean,GWP Intensity - No Filter median,GWP Intensity - No Filter - Education median,GWP Intensity - No Filter - Healthcare median,GWP Intensity - No Filter - Laboratory median,GWP Intensity - No Filter - Office median,GWP Intensity - No Filter - Other median,GWP Intensity - No Filter - Public Assembly median,GWP Intensity - No Filter - Public Order and Safety median,GWP Intensity - No Filter - Residential: Multifamily (5 or more units) median,GWP Intensity - No Filter - Warehouse and Storage median,Material Intensity - No Filter median,Material Intensity - No Filter - Education median,Material Intensity - No Filter - Healthcare median,Material Intensity - No Filter - Laboratory median,Material Intensity - No Filter - Office median,Material Intensity - No Filter - Other median,Material Intensity - No Filter - Public Assembly median,Material Intensity - No Filter - Public Order and Safety median,Material Intensity - No Filter - Residential: Multifamily (5 or more units) median,Material Intensity - No Filter - Warehouse and Storage median
Acoustic ceiling tile aluminum,Acoustic ceilings,0.9391563944834236,2.5763192624346067,0.6196221072965523,0.0097123665677453,1.4136388060824403,1.0944486176725263,1.570304808956244,,0.0506491048757416,,0.178646696327783,0.5188474209753725,0.0963671866637261,0.001489051311736,0.2781835166215766,0.1593007202905427,0.3603629176810865,,0.0073572679867396,,0.2717239157436046,1.028494557455393,0.4915309678849262,0.0080716356633461,0.1464639188765788,0.6151343832794297,0.7849769879711557,,0.0203954278471235,,0.0477331969010376,0.1637433381199987,0.0764867165846849,0.001277407826505,0.0252940677747906,0.0890081801132121,0.2042177549430964,,0.0022918810937251,
Acoustic ceiling tile fiber,Acoustic ceilings,0.8854797705332084,1.2914514181212695,2.72194912820125,0.8369948443302496,2.212807545796773,0.3291382357699722,0.4372768487410387,0.9529261696288672,0.2983122315196642,0.0935604513522388,0.6797504726240792,0.8644921733479058,1.3443111071653506,0.2658077357586635,2.3399558002662317,0.1760823713907778,0.4454190216258989,0.4852734399698973,0.1578104624562025,0.3959515669539523,0.5515374227833181,1.082816837772466,3.0368871173058527,0.2001070645364001,0.5892815869617035,0.3274449230289458,0.3697456912448205,0.9629415747386502,0.0224557955305992,0.077212199680325,0.4700768363813218,0.6696427886016644,1.3079159429350964,0.1065892676579518,0.4127977186599726,0.1540692831584021,0.3769759405983477,0.5356509628140099,0.0109494329399435,0.0846845253290174
Acoustic ceiling tile steel,Acoustic ceilings,0.6123536757800166,0.0080976808571421,,2.5690726617421946,0.7130308858083338,1.2517899515253177,0.067946323263352,0.963102629840357,0.0159360848510532,,0.2287579556780916,0.0036721339845833,,0.7437223213084821,0.3098439327337239,0.3353616826352584,0.0366097333514178,0.3636609279749035,0.0052830800896613,,0.0716330417982939,0.0082902803626503,,2.135073709749808,0.182035474699242,1.2389667699380806,0.0557679681257452,0.9034668096472503,0.007464367238441,,0.0290670143983841,0.0030669962128271,,0.6380147591276674,0.0739376996116302,0.3388240545650532,0.0340969483564301,0.3710816896003016,0.0019086391413285,
Acoustic ceilings - other,Acoustic ceilings,0.7329689730461184,0.8391429732118185,0.1042418379768737,,0.4072965406562965,0.8576131162277939,,,1.1381567953900973,,0.6310335868919388,1.3006672104916384,0.0598019433848248,,0.3327179191450506,0.5226643223188505,,,0.61071514307088,,0.6263581060310743,0.8591015915548389,0.1037801372084192,,0.3763313043533258,0.8488278334352733,,,0.5331058647794122,,0.4646136651328644,1.0863278479145455,0.0602246897820176,,0.2794232205209259,0.5280604613890082,,,0.2206354638742283,
Adhesives and sealants,Adhesives and sealants,0.3938662172917801,0.4722595396870238,0.4947135134190538,0.4865207294068478,0.3201635452390324,0.5644660089347933,0.346389011929119,0.7082320361840674,0.2215009191482139,,0.1921113029902468,0.2372832820745883,0.2471562162154565,0.1525244091586895,0.1509737206890014,0.2085836010363398,0.1671462764052304,0.3124311714246243,0.1569463423061789,,0.1742683950462133,0.2433263752660616,0.2909133609486395,0.2825174808527025,0.1504392940202098,0.1927514299655311,0.1267597630181102,0.6963660155679615,0.1508730863430074,,0.1324158142868433,0.1788698771038384,0.1499107210480877,0.109283819251469,0.0888870020869461,0.0871300128492,0.1324158142868433,0.3706345533969014,0.1340614113080477,
Air and vapor barriers,Air and vapor barriers,1.2833667225700296,1.638992597740682,0.6701858600182589,1.305719258214207,0.9887463661103606,0.8807374753485154,1.3806553191840554,1.479224182294152,0.9745132522786338,3.064126937050548,0.7496596599500982,0.9935429974869072,0.4836591899323523,0.5867769128205764,0.5483388763180809,0.7684771707223409,0.9646325462515896,0.9280080658489054,0.5510901279078201,0.9852499622316208,0.6774795140219138,0.9137045576007952,0.515955353312539,0.5462866022621283,0.4491999866372253,0.7769189960175069,0.8679988169752699,1.7442301489347785,0.1809584646060845,4.3451170370370376,0.4048372769429336,0.7611082208695598,0.3501346235368029,0.322682238661747,0.2337533099835567,0.5975890586687631,0.5074548566746585,0.8592266743521074,0.0842328030853608,1.3971437037037036
Aluminum - other,Aluminum,4.149203264539735,4.2475227290398045,3.75963875075574,6.88866890107976,6.154137126303459,3.896192219016264,2.8238838546384426,1.375536570174437,3.816631874441958,0.2233569636608317,0.7005173683647552,0.8367792009323641,0.6254402588787886,0.7699491442996486,1.1150610451586789,0.6688946599567573,0.4317809148409793,0.1541948418150275,0.6759224743256205,0.0175617708077989,0.8197356953064183,1.1124576766220906,0.3562243513384118,2.851733242650417,0.4989346744186035,0.4158003302679816,1.2890759666884044,1.0976093678725896,0.3641142106992673,0.1331564801271693,0.1884220834762747,0.2973287723037055,0.0828972176658829,0.2732567429198683,0.0829154016675858,0.1110443031579084,0.1986434812469712,0.1167002383696949,0.1122913545602939,0.0081522572118754
Aluminum composite panel ACM,Cladding,1.6966089954205572,2.1701517711322285,3.2814451480898628,2.8949853086578683,0.9504309332138684,5.381191029293275,0.3552281436451585,,2.388743039983665,2.0847313420363136,0.1746418174297979,0.1781889318013661,0.4431597809748283,0.2276930621796454,0.1279855091287267,0.6518270279936407,0.0540082382812626,,0.3105130241787317,0.2609062715083479,1.0147205947983482,0.9310814614144836,1.2861778392609189,3.5059083541199123,0.4630948831911523,2.876371554392421,0.1237569139983609,,1.8693113344538683,0.977706230954102,0.0976875076157014,0.0323807582899705,0.303279191310946,0.2702730129453686,0.0707926533150497,0.3638078002847457,0.0235983732687705,,0.1453140985576747,0.0594682484209984
Aluminum door,Doors and frames,0.5445571758077845,0.5070024275463679,0.5187336357359231,0.6268730371772789,0.287510532888441,1.0396538079980042,0.6223703346379446,1.4851575878862011,0.5627655473208529,,0.1047250193584885,0.0997839098191447,0.0742431096502566,0.0974647923609369,0.0621934183795154,0.1569309693961629,0.1094951114532061,0.2825404386837819,0.1000322013358767,,0.3489953051477354,0.2114734733846915,0.5404017006544738,0.0950185718106574,0.1749934601983037,1.138201838016229,0.6099645445885457,1.3031785759309769,0.2602217831632946,,0.0690027863590002,0.0496221161709779,0.0741661379088204,0.0155290809817387,0.0410660293454627,0.1871182189866913,0.115473974818327,0.1468465394688042,0.0611668669161041,
Aluminum door frame,Doors and frames,0.1899779062328426,0.1274040010162811,0.4165550113552821,0.0994570160818662,0.1883593698742267,0.0786758116407279,0.3026531404255508,0.4675342613268873,0.2768304799388307,,0.0249363739138792,0.0196333800474302,0.0524462325663044,0.0111601938580323,0.0241215894832633,0.0070383607410815,0.033887340430529,0.0549311194851592,0.0312005907696626,,0.0944318441244948,0.0745786232788447,0.303791756599345,0.0092482123567689,0.1251038299069138,0.0810371012191795,0.0583692706441786,0.4771958639335196,0.0643186904839261,,0.010974228561305,0.0119750817354787,0.0348448140913338,0.00069440533664,0.0182946598784355,0.0101858846752305,0.0070572951685603,0.063297364449447,0.0067731047896312,
Aluminum framed glass entrances,Doors and frames,0.5526931870737338,,,0.3292584569381603,0.7081013481241833,,,,,,0.0765867606226522,,,0.029285828565976,0.1023492864411982,,,,,,0.4822042863230864,,,0.1508707077718507,0.5924232855511328,,,,,,0.1033545852562826,,,0.0089793406577678,0.0977814694861266,,,,,
Aluminum framed window,Windows and frames,1.020207868650114,0.6696381146496486,0.2475882011836454,0.1900340722550405,5.964505201836191,0.5339560703633485,0.0690251865875785,0.9547759631088636,0.7531566599282925,0.6038045909766376,0.0651029091981522,0.0308101247708239,0.0290508932489483,0.022973109358127,0.7004119665563229,0.0511570501841173,0.0049116930411661,0.1263091226563291,0.0788767908515917,0.1598193999778862,0.0996538166961558,0.1366518842698995,0.0378127908066282,0.0068326922169707,1.1561887413184675,0.1055082664782496,0.0104510726300246,0.6051348791094957,0.385080856742215,0.3712704024323934,0.0068469535979517,0.0061100163363679,0.0069074203999031,0.0009417273117393,0.1020262658030137,0.0127230057059339,0.0002837857980222,0.0302045133811883,0.0278153909241189,0.0970066553033518
Aluminum sheet,Aluminum,5.410604146194293,2.2145940867110263,3.7752095769565375,6.517896110164425,6.263813342361845,5.059241217682825,7.922302253912032,24.498027653988053,2.789469437874408,4.067501006113599,0.9285505073388765,0.3736509611472803,0.5623728900539486,1.6033991926545246,1.0276620400542984,0.8092708202973394,1.3540464089636852,3.537760946971486,0.4843721104876816,0.6996130899982493,1.2335059203382517,0.7518729072726386,1.0719767160960456,2.907959761193317,1.4462937152320463,2.7025508702110663,1.6069007471570156,17.26203133061746,0.2537727981562283,2.4248812663403214,0.2012802550098565,0.1083397961998335,0.249460450508483,0.4476243439544954,0.2403521552546134,0.5135490403829359,0.3360657439790776,2.407741715663111,0.0392965978700291,0.324763710953788
Aluminum storefront or curtain wall,Windows and frames,4.453842537204256,4.420865729552508,6.844595033010635,11.630705860723284,11.03950106376836,12.169107723791369,1.2567931937260437,5.88685346250843,3.92967303980642,2.475605317660783,0.3117913637636479,0.2180552540013106,0.6640298043582843,1.7504580886281829,1.43543496320776,1.5230046617918174,0.1178251120180888,0.5950114441606917,0.5277130547831845,0.5454657947918279,1.499672034559368,2.043690466029497,3.3005441684221046,1.1297180849910786,7.591947576317197,1.6575728516672792,0.0087928571150454,2.483961106032804,0.9462472440285958,1.8076821068694124,0.0916132820002569,0.0971360080290718,0.5263898356976908,0.1209783770086838,0.766759662538094,0.1674028200877414,0.0001961956389816,0.261300859865917,0.0690977187788447,0.3777239318667529
Applied fireproofing - other,Applied fireproofing,1.199334362745395,,,,,,,,0.6497757137992322,0.0903578947368421,1.9384931507513528,,,,,,,,0.717656812952616,0.5905263157894737,0.5883082765438703,,,,,,,,0.141680576152741,0.0903578947368421,0.7300928330163129,,,,,,,,0.1259503632115206,0.5905263157894737
Architectural fiber cement panel,Cladding,1.0912478039865812,0.3838683794091844,0.2784329095028205,0.8364330645569589,2.0227790376422887,6.677093658767129,1.2278346538420994,2.791409011744571,0.4493254609465631,,0.672987890343405,0.3714934570872317,0.4634716452741572,0.2975296320259366,1.1289849034279096,3.907169492833018,1.0344946352692963,1.5407424619477703,0.6889571148069984,,0.3010128162550815,0.3789708393514135,0.1306257041225811,1.0335691214745362,0.1171219680966028,1.4265849835762563,0.1460557707012997,1.316360523487578,0.4212869681265018,,0.2346918735093548,0.1283784639221218,0.3796449693317781,0.3721308521606491,0.1820538547817949,0.843524071118399,0.3138591629016847,0.7790747906780392,0.3380721891831713,
Asphalt shingles,Roofing and waterproofing,0.5903007155819936,0.677041233529248,,,,,0.3618336684495198,,0.1860138633961103,1.0764546763150358,1.0387709423585303,1.3698240031413869,,,,,0.7435496953815413,,0.4394506341171484,1.5057417578043093,0.5300694728844335,0.5448586029676818,,,,,0.3423777652333631,,0.2302979406278839,1.1524086137469538,0.7229006219273133,0.9366250547036424,,,,,0.4562055903682366,,0.4375127992547769,1.049552400497978
Brass,Other metals,0.0130955821940078,,,0.0325954737821856,,,,,,,0.0088895741323537,,,0.0286204977831463,,,,,,,0.0048218574489928,,,0.0112107703815581,,,,,,,0.0026391054270632,,,0.0086688802009178,,,,,,
Brick clay,Masonry,2.9533061273455243,3.5545437982671992,3.2728262408686684,3.438603510596941,2.0201529812072527,4.940435403562108,3.37857355972671,,2.156415185103853,0.2070475830539081,12.17281452527131,9.93291562480266,13.01787332064322,16.956118674862317,8.246568959083305,24.33249533420304,13.63663063559045,,12.721312889008294,1.039416038203527,1.9411034959064364,1.6318016989174902,2.93690122615194,0.6652362418651876,0.531383779024977,2.7185256576848684,4.3383439480374735,,1.2936244660888956,0.1435554409690645,10.588163212647643,3.933144140712153,16.374167782829005,9.653305136385658,6.397557556489489,13.330015214020673,9.338370762374783,,6.513457079675207,0.718323450489824
Built up roofing,Roofing and waterproofing,0.2033879095765482,0.4058440201091953,0.0088029855575847,0.065489438171515,0.3554952244502248,,0.3640101864098382,0.751915544044396,0.1321898232832243,,0.0973736440820919,0.1116886470605504,0.0219736173561175,0.1534946958753218,0.0609856380398389,,0.7566420288600776,0.0970333736114027,0.1839836249193461,,0.1010317614172027,0.3266087719160036,0.0042982819960285,0.038077936970533,0.1796565270294391,,0.3444372511801445,0.7086416749399266,0.1070743559650722,,0.0232457051930497,0.0763677559474525,0.0196591622977385,0.0879578791808232,0.0273418739998996,,0.4642384034552068,0.0609707500023696,0.048836577489071,
CMU,Masonry,2.18308781736845,1.6642561643491895,0.6391487894723824,1.5163830152320228,2.925934588313532,2.118304629060784,6.349063470961289,18.135119523613955,1.8576074189968648,2.3578926084829672,15.892859938200788,9.916980194637889,4.40421126813895,13.934902413715829,23.95694818729999,12.92291395071904,39.98850974740255,158.50114410857515,10.704453536828924,23.76812598265195,0.5307084477895166,0.4700053730051177,0.4074492045259129,0.5624554714293835,1.5108684782840949,1.592915869945006,3.2679456568438505,17.52332477629787,0.3184298205864095,0.168281183064014,5.809303375428007,2.8346098939637447,4.426252768929144,2.016259732708895,10.601012358481324,12.561856429550026,18.15105106139766,154.77465571696294,3.748815157091568,0.997542136011383
Carpet,Flooring and tile,0.2896855136880406,0.973772712724784,0.4395313518944856,0.6972895502698454,0.2573816156711637,0.2708482816410881,1.1202242315938575,0.8648810974650707,1.2344802424826529,0.1838183240797602,0.0583135348343571,0.2385237814578298,0.1442491222619982,0.1502744808721079,0.0705550210009979,0.0765926542114254,0.2528627640804794,0.2404347502126087,0.26678047812093,0.0276367646518808,0.1092367754453697,0.3623613283200409,0.0917184822588423,0.3962227822533209,0.1191865413858921,0.4097091745789421,1.3132413149605318,0.552373368552913,0.5898603731787806,0.1354706049297278,0.0228696287515951,0.110930363033964,0.022586314397372,0.1190776877124069,0.0302765608818057,0.0435046430308771,0.1948243006674481,0.1974422571211856,0.1646901980019763,0.0160030837959612
Cast bronze,Other metals,0.33571603445993,,0.0926495808829463,1.644893440827857,,,,,,,0.0499064837084882,,0.0172355315518605,0.3162906805259052,,,,,,,0.1236122867639794,,0.0208612822865379,0.5657387522721172,,,,,,,0.014816060931576,,0.0012511735775889,0.0958014790280993,,,,,,
Ceramic tile,Flooring and tile,0.0560180886383041,0.1586395624798482,0.1328370944548524,0.1845985197823997,0.0286918917396622,0.5315403666863195,0.3361623237432662,0.1507506671521089,0.1388657533607593,,0.1854588294414335,0.6894936286505052,0.546003194563188,0.7548917582804459,0.0978767911272151,2.4151656715583933,1.336555198896241,0.668613382072189,0.5282349814537448,,0.0300659376559012,0.1013754473461191,0.0471412284721253,0.1726345828234694,0.0095836739509875,0.564920640168319,0.5211610408498168,0.0749778704982506,0.067258095021428,,0.0985766539566768,0.4963323725176773,0.2202048362837652,1.043585588595266,0.0331802171007512,0.9570229517555784,1.2988603390830324,0.4275781139543835,0.2678528437146767,
Cladding - other,Cladding,0.9979863823077452,0.0174756896353323,,,,,1.739814699506319,,,0.0511520804727859,0.2448983741361489,0.0029966028847218,,,,,0.6351708851348683,,,0.0149228624382783,0.8726754534187234,0.0206752378615853,,,,,1.8021693504500995,,,0.0239895217172963,0.2005710323166688,0.001501599459489,,,,,0.8490143023422486,,,0.0034013612838874
Closed cell spray polyurethane foam,Insulation,1.2983712716291935,2.789629338312088,0.0093043288490593,0.5377523212071186,1.7862166196642513,5.240972392861254,0.3609260576252063,,0.4784998867770979,0.0019927302630888,0.2563411605830867,0.658491282939532,0.0022997455671039,0.0293568522741626,0.4889579586064058,0.4935433971441262,0.0831568909705075,,0.1160763457804935,0.0031294590694906,0.5587384439927516,0.9083538891336548,0.0106483590771792,0.9006769300308242,1.1776575011147534,8.62546041140189,0.2682905154335991,,0.0790099143838869,0.0017024212595575,0.0502107353343496,0.2533631814569911,0.0025223638767006,0.0423338930950219,0.3723215160681125,0.6333517471319604,0.0444757459982907,,0.0196381805467275,0.0029194023463041
Coatings - other,Coatings,2.6792428226682623,2.0333367423658286,1.9553480904538971,4.70018946383374,3.076901652397026,4.270104163511599,3.0091271921359133,8.105797281614192,0.71374244545356,2.832797220633181,0.2172503137583258,0.1837734491560933,0.1297542082080262,0.3466040554187348,0.2131126992385141,0.3489982580346817,0.2552952101943185,0.6331067929335001,0.0737232649800901,0.3695462367755097,1.1508588323690727,1.4135657934929744,0.900920426152686,2.6105226297413604,1.1583780256208016,1.2387812180950868,1.8415003133487768,5.501197075232221,0.287380864731547,0.8988958043061787,0.1250177728203732,0.1564499860515575,0.0720632437309706,0.1349561137949093,0.0815091226711583,0.224460202134949,0.1636201461071687,0.430978131661727,0.0490935525051805,0.3020509896554436
Cold formed steel framing,Steel,7.97677630756348,10.650011925647346,10.2184705897816,7.441869246260634,10.113334112514268,8.375923967455195,7.575865857235161,10.245854811630482,6.756164273072987,2.333150904628959,3.652914652165115,4.61033801747182,4.282644621955597,4.118499954173385,4.738341021175707,3.832405393589809,3.106358825686278,4.872976927764137,3.3568021037650246,1.1057857004552398,7.44353896313195,11.536288434353986,14.838917857501812,8.974112552824728,6.990804581510158,9.663512175837148,7.288156749584432,11.931893087681278,6.872755057033375,0.454338363144645,3.6019644339217334,4.89711052264399,6.56339844747626,4.918314322263181,3.122599709746257,4.400599782117149,3.107081420161669,6.551538635307705,2.6047580614864883,0.2819727691876871
Concrete - other,Concrete,1.0401430099658475,0.6718255822031074,0.0880705381552184,0.7617756698696989,0.4289119802984196,5.754328195141083,0.29648119907859,0.1274502118911794,1.776204696392633,,6.401728257658443,3.5846554473273025,0.4584059043932147,3.291462808495744,1.803738901540243,34.90872598930764,1.626427750538212,0.6568749496246883,11.02627947356163,,0.2827849435971701,0.1046176804275482,0.0499841962856599,0.4406132308044348,0.1090371131001919,1.323039814936967,0.129612006589144,0.0673202748367898,1.0871651885302125,,1.4799321857538206,0.7120191260538239,0.31349859525766,2.2409735742776284,0.9004621182594778,4.460550838422635,1.0050977581237948,0.3607850804040273,5.162419557710416,
Copper sheet,Other metals,0.3851560425454297,1.211647373423074,0.730919266124607,,,,,,,,0.2503740400070568,0.7742473832517467,0.5945909935997297,,,,,,,,0.0405280323449172,0.1939081520540881,0.1091316890799163,,,,,,,,0.0212419473486437,0.0396354608866225,0.028621680923569,,,,,,,
Cross laminated timber CLT,Wood and composites,4.517465044242704,7.14578405915875,,,4.174051886231852,2.7032347279179807,7.73939161007747,3.622980099883146,4.069058375806463,0.0475226970297868,13.970155830269103,18.934855780648174,,,13.222061302927418,16.615525360655795,22.584213254297257,10.532120972352931,12.466113356443024,0.1414516120973704,1.3886295027292086,1.3241059040207357,,,1.5725701221634043,1.2445438200220371,2.017224545282684,0.3875471361581482,0.6692695377230464,0.0502137228975411,3.48983739210643,3.1658073156306266,,,1.7691602821899437,19.189608511086565,3.772223573463881,1.7762341303577918,1.8929844131442684,0.1476113204276208
Decking,Steel,15.389399538996123,17.68951043717488,15.646436748268712,23.157287408854643,18.87216129843772,13.067622155510396,15.77799869509916,21.41714329978629,7.047803537971474,16.499295355804918,6.200328046233451,7.2692996972693456,6.30768798938624,8.894673032825743,7.850912572286859,5.118285381979756,6.36037913205843,8.516391754774132,2.8540141680930757,6.254738896635994,17.374663104320405,12.087874596041075,21.70333472879178,29.758833216748855,18.759939503487978,13.038188826592076,15.724194180740394,24.673545375982577,0.312161251190331,18.352229112626688,7.25664317429277,4.8977785029496665,9.5995971425905,10.685489225393672,6.697605710815158,4.406644137540415,6.963485838524344,10.225091602955407,0.1036311398331493,6.136768064210001
Doors and frames - other,Doors and frames,0.8323108727777623,0.518013858746657,1.832418121060028,0.7543793482523701,0.745497575139511,0.9244342093726414,1.082120043923659,1.7938487987510714,1.2912814984600227,,0.1811518664601943,0.1444024164815863,0.3679469764521252,0.1680019693649769,0.1647801279197595,0.1220229347786142,0.2011690728597176,0.357558327514096,0.2114823004909171,,0.8929665959598204,0.4511880063082636,1.999165353755649,0.2621541513090611,0.4538631844965502,0.7177563296898372,0.8577140425229562,2.149759567983017,1.7685649403192547,,0.1609575794282795,0.119812976619349,0.3839226338907666,0.0476136272201234,0.1054864558439728,0.1866136039321633,0.1488143109168342,0.3771705290166304,0.2519183340890042,
EPDM,Roofing and waterproofing,0.5392672526014898,0.7005619187650183,0.3624921922390242,0.2269514736616168,0.3226529594976233,0.5661537077898928,0.618963225921888,0.9929590436391332,0.1933584679490554,1.1362195860875668,0.102464624112583,0.1256316063281923,0.1073220362319034,0.0634276474062777,0.0814415863876941,0.190786854634752,0.1556403390170203,0.2113200857964118,0.0540011884287623,0.2078252855786234,0.220577128063967,0.1624040093017932,0.0223870810931575,0.1052554087509402,0.2948963546749193,0.4513981376440142,0.2939318972607775,0.7960280162058301,0.06615819135792,1.216390496437496,0.028437402095138,0.0272921523444418,0.0122520262878442,0.0292111341708667,0.044586192233419,0.1999789454978437,0.0488441214405443,0.110925154340056,0.014908571756395,0.1448611797027482
Expanded polystyrene EPS,Insulation,1.1984604690088223,0.5963316762897978,0.6673033500594259,0.0344242587309444,1.685913474477967,0.5950217000139727,2.093356984132229,1.522880988413027,0.7430803455879852,1.6961592298449353,0.3497003924994726,0.1982297696337066,0.1883845691703452,0.0107095480226367,0.4997357195774831,0.1513550437070789,0.581996387381944,0.6373345507738928,0.204527296007155,0.6829449129973506,0.7361458055472958,0.3523127387554492,0.5623580679058553,0.0437957383480533,0.8081917868436971,0.9792717329300084,1.9604860242057445,0.9024477768309308,0.9021469986667964,1.07714562776316,0.2386107811583167,0.1431624478724165,0.1521476549199542,0.0117308741050008,0.2647588266570354,0.1942300959222822,0.6221994360536781,0.5883479624370185,0.22385318339289,0.4606204099696952
Extruded polystyrene XPS,Insulation,17.213438052693892,19.502495865437535,8.573539866301159,13.064010257290082,9.062642792219227,41.54236614593181,39.89334452963757,14.060603275685668,11.0820795375717,9.587622146994006,0.4164091353576102,0.5190978950940227,0.1210306022780174,0.3889072947572948,0.2947627749410428,0.7691178148218694,0.9554120447826948,0.6565943825596229,0.2780981353826705,0.3067499887496838,7.817563493057235,8.382707610776883,5.1991954051604905,9.633063450627256,5.179467114172224,9.04698890030924,17.274784139795695,8.332207351453789,5.457164187883037,1.152993812930119,0.2824367610532919,0.3445710326052934,0.0703398559462996,0.4078376546658996,0.1827337213168938,0.4983731818663073,0.4606337091021381,0.6061274516774097,0.1844387230008438,0.0867494977577359
Extrusion,Aluminum,12.995932958153285,12.008716939494986,6.770911727191805,18.06316556764572,18.11426961321908,25.492360876491254,6.627181171074647,8.774075872753095,7.598243946963913,18.612524456095446,1.5034022485653793,1.453597695348224,0.7830608890315046,2.1855434027451643,2.149779811017864,2.268760585340605,0.7382689036885707,1.0053591750204829,0.8886160218290704,2.4648289303389626,10.134658037514429,13.533895963358782,10.751126435840488,18.715674822243223,12.288829568692494,14.348592380757552,4.638356470438556,6.804276539489107,8.76076633748845,3.579755422763278,1.2028062316969093,1.4740337243120905,1.544682079034055,2.522346264104512,1.2668061434362017,1.8774936243495035,0.624512099679139,0.6151182812759382,0.9794917901056652,0.1845868103489253
Fasteners,Other metals,0.0240856702258593,0.0173620798259077,0.0968028948846956,0.0550130194923259,0.3529653031593889,0.2234882837924487,0.115818260788775,1.2442464715011448,0.206303948754298,,0.0037596353261113,0.0029684758407163,0.0171196179879731,0.0104228968546368,0.0751290850733156,0.0401056389288794,0.0216296838563775,0.2409913357922502,0.0405108120060824,,0.0031438431502869,0.0012510091365815,0.0056115232652274,0.0083600198843569,0.0581943407445391,0.0233285386752446,0.01536102150513,0.6541403689317631,0.0944080054076045,,0.0003689874298076,5.2203845471802826e-05,0.0003662454700364,0.0016003313646561,0.0114730630297165,0.0054253228643819,0.0033066384044722,0.132184480249044,0.0198717867780728,
Fiberglass blanket,Insulation,1.7122206331015095,1.358743876647278,0.6073035659449956,2.3294698399921816,1.4846853209778996,1.9291823844682,2.290811213223166,0.8346636942594422,1.807166250530952,2.107081234228123,0.7379854327771281,0.6719207387791155,0.2708652065212827,0.8519672063019794,0.7058244364041797,1.0254054338965464,0.8261619839233836,0.5501070857557697,0.8539767517861514,1.0759291125847046,1.2347656616160014,1.1062966018243676,0.5414693912455888,0.9717643073707196,0.8233982588999736,0.9434407749481564,1.1591302901383724,0.495512388627967,1.4057048590300394,1.5962262593846384,0.6181846924854311,0.7092322706138783,0.2568871100797821,0.3599771744372301,0.3862631308770092,0.3420835947835846,0.5120092548698006,0.4704813791101629,0.5535136949972341,0.9091091724307864
Fiberglass door,Doors and frames,0.3163318631394785,1.7504439907077038,,0.0800020934542285,0.2442082484333607,,,,0.1658423222224533,0.0475813823266354,0.068856350811185,0.3109735913288757,,0.0103491627710285,0.0360532097117194,,,,0.2675773009423777,0.0062001396138623,0.1180508833839253,1.854766786833748,,0.0332162330430218,0.1901777015792757,,,,0.2113247724361699,0.0480577721990885,0.015815993476006,0.3433339249177153,,0.0028752272501757,0.0320611876491226,,,,0.3185708232383795,0.0060950641576666
Fiberglass framed window,Windows and frames,3.018584256295976,4.256581121524023,,,,,3.0424196007852267,,1.578005480703096,,1.0336037686553414,1.13222324216347,,,,,1.4648603249933,,0.7924770314098468,,1.048282600674946,1.774751643000576,,,,,0.168755523065397,,0.7798113365886854,,0.3727147727605565,0.5439318962688845,,,,,0.0273281481074709,,0.402513189582149,
Flooring and tile - other,Flooring and tile,0.1119111129581563,0.3010173281998468,0.0726393602746307,0.6847051135366493,0.0484757778863659,0.0144658143895391,0.4887862941074163,2.3156406600874684,0.2069667023920361,0.07897133919785,0.0795483189304717,0.2850921914871001,0.0550463744212364,0.4259519311251667,0.0412169341219715,0.0044125675432054,0.6569287492816983,1.4956159413914956,0.2307880764780956,0.0736956208510714,0.0115047809789444,0.0480802641258134,0.0174801564814507,0.0005975213969615,0.0106895982509939,0.0164110995902276,0.2348418309478994,0.2953353313950653,0.0182202125062262,0.080331474625093,0.003549800277463,0.0354547574245997,0.0089428182784368,0.0006526600416046,0.0154759002626624,0.0021026750452235,0.0555732186428938,0.5092924361442486,0.0039239670713803,0.061186918544519
GFRC general,Concrete,0.4051779937310108,0.1852555362049859,0.0081885164286168,,0.4566904474818272,0.0053543294086732,0.0993807507565936,0.1288730717957017,1.2588413644817062,,1.718877667800622,0.7698137401932865,0.0318483094636199,,1.7465791746458836,0.0205432682793832,0.4267615660928706,0.5125560560995212,5.405903136884676,,0.1614838785524509,0.2263603722641209,0.0097591505325387,,0.2081719065141457,0.0066460596593229,0.1256924410075115,0.1142383916482641,0.9334546339905204,,0.7025316638412825,0.976995292092252,0.0388168600004931,,0.4902995565309482,0.021279847234314,0.6152063334860364,0.3882578703180036,4.123766546321669,
GFRC panel,Cladding,0.0844208712453861,0.2143624087112219,,,0.0022533016750935,,,,0.0905629095244245,,0.0931780730708581,0.1888374667843383,,,0.0028570899147406,,,,0.1261859718911652,,0.0725116118439763,0.2536090924690183,,,0.0015321741399451,,,,0.1467530623062156,,0.0748943462260069,0.0946265651349275,,,0.0025129002891811,,,,0.1223945855283189,
Glass mat gypsum board,Gypsum,2.5395572626324263,3.435811133597855,2.3392170596997484,1.6478024298820797,2.4047481125473342,3.047881237638816,3.1646750707450253,3.2762246337985763,1.65200258985428,0.7264671154449595,5.857391328596369,7.60445264507528,5.980543392706241,3.8783144408955663,5.579163607491955,8.004320612434094,6.80020542618104,7.333330064432544,3.74442275914234,1.890891302087801,2.130732117006707,2.807650544044768,1.4431064072527755,0.7982973808561423,1.8307865262753409,2.7667463066865503,3.1736283284191456,4.374194842546172,0.8529201869164609,0.0870347001825826,4.598726905015443,5.997121392614586,2.8868620398378213,1.5632100401041704,4.535481589826202,8.442478184117448,6.392619484537157,9.10635395744338,1.814314154194167,0.2563875397018834
Glazing - other,Glazing,3.493599735751729,6.1907724103879485,6.163422980951014,3.7113477905137673,3.893253727322319,2.8799765995101674,1.4378341030930664,4.64998043033096,1.1651918518746671,0.2500839305878937,1.5385400770293,2.0354911415302688,2.4543080819403267,2.4102788396784445,2.1393700339881887,0.9570388819233095,0.7047536540055841,1.381022917471474,0.6690673611977901,0.1668367770801601,1.373464602089511,1.6419208264571077,3.899790077383333,3.621126361717468,1.4786107882898651,1.428346677814301,0.5573474976881841,1.9817319305526413,0.3391421176835504,0.0543919635926415,0.7921112240699026,1.0287232130773774,1.4346610022986943,2.415271360416212,0.9857745808267476,0.9867857167964564,0.4591942609266561,1.2166999889333072,0.1614309750303312,0.0577846808865354
Glue laminated timber GLT,Wood and composites,1.7164837262574135,2.6530646530330744,,,1.5769759120899802,3.126405343361254,3.28527474120978,1.1472833697802336,0.0693495314004252,,4.935379240239748,6.878781582328459,,,4.814047556180771,8.198837264915051,9.361530485100776,3.402013569438467,0.2101189412176812,,0.2075891617616964,0.4148376795010105,,,0.6832991845252503,3.041153426829668,0.2681998894961173,0.1227239377700529,0.1009770004507159,,0.6217527711493923,1.010957646610306,,,0.91576816224809,7.344535026122247,0.7959773434038846,0.5737469812433189,0.2856067356503036,
Gypsum board,Gypsum,6.323002327620215,7.1857133384124285,9.390438738447212,2.6420739291005937,4.398963311371107,4.29030679121146,4.960548773795348,6.880824721627308,12.519154919603016,0.120060482748813,28.23953944076398,32.23130314233085,42.64998678619478,10.76696518429122,19.12102330363759,19.7308121511405,22.232600158097707,29.34280922791403,55.46363616135857,0.6871787208538109,6.339473551971537,7.551167577695864,11.687153863700876,1.523727228956852,3.624604357006815,3.449089971158011,5.209905602021035,7.210585554184576,14.00137087189457,0.1839922843968567,24.57180503004388,35.67945323850687,47.90875592996689,5.024700872154732,15.232536388070438,13.13424070025455,20.68618852424048,28.41162767078107,59.93424013152011,0.6900919039222776
HDPE,Roofing and waterproofing,0.2404810371869763,0.4834311255112184,,0.0010548052900711,0.2704755633594241,,0.3007783716482192,,,,0.0865118663022511,0.1458735257717281,,0.0007392245521035,0.1411106939067954,,0.1869341134576308,,,,0.2461042623136647,0.3890481031769501,,0.0006133020907329,0.2693636283498439,,0.2846054297730842,,,,0.0812503870192836,0.0997418637302531,,0.0004236017633745,0.1246701045369147,,0.1146935949535169,,,
Hardwood,Wood and composites,0.277246607777326,0.1747689052321937,0.0903089615503354,0.0600284040524574,0.3583230793976544,0.4515440585218302,0.916598477166058,,0.2052092890062544,,0.8383238128382927,0.2361164259630004,0.1221258495102213,0.1083131980688881,1.5963529953316222,0.4949995374345797,1.3684928641015963,,1.8000272429018451,,0.0158274478404688,0.0117707515997043,0.0708898526969844,0.0149369651268383,0.0413226957155484,0.1558245233286198,0.0802307704630442,,0.0617115755465429,,0.0192817619921418,0.0127408959482446,0.0484379349143331,0.0355892042847935,0.0341095561782279,0.3478877409378301,0.0813010578095328,,0.1340835247490991,
Heavy timber framing,Wood and composites,0.1014292215829968,0.3563879552703587,,,0.0079214472807816,,0.1950744419432497,0.0698517560940356,0.1142616534972996,,0.5780911330406673,1.9487413990402451,,,0.0452706312030406,,1.0703166144220888,0.3965039587745614,0.6769428595893874,,0.0340846099403973,0.0566812182347556,,,0.0005150882156006,,0.0586878098291056,0.0074719836387547,0.2559901730696663,,0.163784384426621,0.2697206823820365,,,0.0013479586220291,,0.2142946811312185,0.0668700887737727,1.4138052251367443,
Hollow structural sections HSS,Steel,15.46546833032214,13.509380053818928,13.64316801043931,34.68541220922289,16.075359052674532,18.572775702905307,27.644304861326088,27.290087489699506,5.2823502894549845,7.196687772382114,7.262467412668034,5.618768129737533,11.76350609288428,14.408579628361034,7.763217899908091,8.048056085780068,13.627856732934308,13.013690062424256,2.222554883410292,3.111064325833342,9.4572657065176,12.369566907624092,8.96847624559995,15.405035777305764,6.732545224597075,15.936634029005669,14.652559534272154,19.61953570529615,2.0225686293027256,7.050117953153529,4.200970689896843,5.25083406232179,4.578933370966206,5.875669913329097,2.735401972316403,5.864364594596445,7.706246077053573,11.005405885309376,0.7070793771594196,2.5822960550192877
Hot-rolled sections,Steel,25.726946129621982,25.13136827928596,42.345000536367166,70.22272154239005,18.014351137770884,43.61067298114938,35.67653788597674,53.67772801047977,4.939248506773833,12.212936277924369,23.284305307474195,22.298086396441807,46.85927040713735,56.24101645852456,18.070836086995463,34.19003204789707,32.67000145546788,50.33307818859795,4.274951397046413,11.808902240404151,19.88316888997474,23.16116788642903,42.9036333746442,78.84474530308114,11.49772248896759,45.59705077759266,34.004743416764775,39.54982353666459,0.8160590899897919,13.121203189482491,16.67439975259431,20.13099885112993,50.40648817811871,58.20886918267564,10.709156024002432,36.41944648548312,28.568470502235723,43.68421619649587,0.5191395278974233,9.51606408889616
Insulated glass unit IGU,Glazing,4.520264236709981,5.421240616006364,3.8019276527506656,7.627376758186791,4.811438874512701,4.093171323343526,4.258672537354767,3.959525297506362,3.0674378339453763,0.8452087945404761,3.2271326741079216,4.008839422451726,2.585344025231884,5.085992752906983,3.3972281138721305,2.985223134828655,3.163380604018529,3.091504041913403,2.279510397633968,0.3912229217781797,4.909340156664501,6.718627837630081,4.544692621644199,6.4476628308087065,5.300204166382445,5.960631862374274,3.074866601387112,5.164458258942315,3.336597765884837,0.2940096237089458,3.537102802847452,4.741325605834873,3.18473464987522,4.575108511575421,4.077500419173252,3.294075167505342,2.3179478630467343,3.864852111033309,2.252381753993008,0.1858528852510307
Insulated metal panel IMP,Cladding,2.382819144840111,0.0730081997607672,5.330617347671774,2.136554311404647,2.377738261411956,1.244360381520855,4.175496909820182,6.203745487210812,1.037486899224844,9.556803969172693,0.532789448186006,0.0094083408173492,0.6707700004984427,0.4973789862074609,0.7994274601031338,0.205530823163389,1.2805350858878328,2.2816117135991965,0.313067830390518,2.300151152904782,1.2560623195011325,0.0927751374768107,2.500838157712883,2.5698003027045,1.9570976227151504,0.4934866874952059,4.545689135723172,3.3795731472856354,0.3203074483810986,6.540821733521095,0.176291089163236,0.0031011821452522,0.5494499153605662,0.3503291348750993,0.925936584215412,0.0869908284592616,1.8513363816350168,1.580259309114908,0.0817478633483097,0.7789182357011394
Insulation - other,Insulation,1.0852969569394348,0.1129107014806555,1.4984971940374956,1.8925828764442751,0.3286095229460226,0.3779831175946796,0.0401412558538818,3.738948729708577,0.0142283366982527,,0.2056910897836708,0.0217890685996207,0.2544108719692827,0.3453297677134814,0.1411781867383147,0.0593006064395491,0.0058353360787827,0.9179617897076696,0.0079331736849979,,0.1278943605763352,0.1194276232560878,1.4578626562668286,0.0158233861441011,0.4125674143752679,0.3933094586485073,0.0393609040722501,2.2156727902464333,0.0153714133048562,,0.0166819430665006,0.0284694550932189,0.2519196295923864,0.0022195174217125,0.1669187484859436,0.0315212407433601,0.005812063393877,0.8474057273589592,0.0073193152396896,
Intumescent,Applied fireproofing,0.7735414421333977,0.5931150253957388,1.3666927737786958,1.1561318150637756,1.1672116675259874,0.9641025932026333,1.5309062965325693,1.013004672606828,0.0309454937741391,,0.2804735811451802,0.2365228978489817,0.5499057132396883,0.462484738999824,0.4569835779910229,0.3810682186571672,0.6234682856890755,0.41775769629337,0.0050939112004133,,0.1040972200245893,0.1438859593400214,0.4604140376775945,1.394933846958529,0.1201593414845326,0.630855985600692,0.8670066874362415,1.013004672606828,0.0017197813958906,,0.029328551463969,0.0569863430771513,0.183850421428136,0.5499071841911013,0.0344184448735998,0.2449118360257623,0.3547216448491328,0.41775769629337,0.000375261212273,
Laminated strand lumber LSL,Wood and composites,0.2227817812610149,0.1093463107945954,,,0.0006578978893619,,0.3545051312859861,,0.4197296758992995,,0.6049424042300563,0.2898029903875092,,,0.0018223762241076,,0.9427617491497118,,1.1773723837992494,,0.0181513590001529,0.0173908293298299,,,0.0002401839001696,,0.0931517110962712,,0.1074257930072301,,0.0422757036402972,0.0401109456401811,,,0.0003046536415208,,0.1648624920098562,,0.2875692141721907,
Laminated veneer lumber LVL,Wood and composites,0.6887006494582398,0.4568000213824275,0.0084705597192071,,1.036126543586588,0.0340138450921079,0.9951882916684496,2.512804667761168,0.2393229737128437,,1.609563733826736,1.4679976613460806,0.0235456930133898,,3.040721817015512,0.0899431747045453,1.5865208252623275,5.470638265490516,0.4516974119722368,,0.0238681978070341,0.0726511132565537,0.0116766135436542,,0.3463077685106396,0.0417070959014304,0.0086756433995309,0.2687926032900587,0.250499920388787,,0.0558140074429533,0.2031820800587002,0.0225150604490345,,0.4653814385692452,0.1039349463647573,0.0162673592947304,0.9226189508754516,0.6390830401208931,
Loose-fill cellulose,Insulation,0.6005484433387122,0.0303934969697363,1.7149417247369896,0.1614803181581446,0.0049287873049414,,,1.0602448080807954,0.2815823684865141,,0.486592998414468,0.0191137136485348,1.2114931329988188,0.2791580913921433,0.0207395480145313,,,0.8482855943794593,0.4170044591838522,,0.1397089106527247,0.0321477331903619,1.9153564892295163,0.126008970181796,0.0074188942971893,,,0.6282930690113446,0.1901400070738451,,0.4241936730702065,0.0249738537420126,1.057807808540121,0.4550588357460551,0.0325280731897354,,,0.7830849597151232,0.3411195664652024,
Masonry - other,Masonry,3.0149063476263613,6.899561567857036,,1.9211859600188612,,,,,,0.5469135461153876,18.37344225809412,41.94297984778264,,6.85749195428015,,,,,,1.966977310365748,1.4261365423155703,4.460990291193901,,2.748246405147715,,,,,,0.3791998637535764,5.612357504454572,24.662716663402183,,3.710211045431415,,,,,,1.3593458987405524
Medium density fiberboard MDF,Wood and composites,0.1470686251335501,0.2344901342388621,0.2589472199717813,0.0472981600179827,0.1886263400928479,,0.2094676554820261,,0.1403453360834126,,0.2260790014627481,0.3460482924330802,0.3766362869978025,0.0722243152790759,0.2909345464031268,,0.3101771544068902,,0.2244039172544757,,0.0189318554602085,0.0213480351690002,0.449133555290491,0.0143249244257257,0.0688632852769208,,0.028865513676769,,0.0982339607033538,,0.0241457015019889,0.0274166207970521,0.4551565305989076,0.0334983049636364,0.0486366469411787,,0.0284461647945404,,0.1464228598465915,
Mineral wool high density,Insulation,3.333961047669618,3.992009013824332,4.76024645890121,2.9487461925847285,3.0073945030873466,3.1173208363107947,4.847557723682757,2.4149940234946965,3.858180644512215,0.0314961175789634,2.024228548342504,2.626258565454463,2.447384655437385,1.7052697765884883,2.075909229600984,1.6686517204519786,2.7722889979795853,2.00616141035272,2.5744365091739816,0.0301947236565555,2.8492086269713024,3.0624156644429656,0.6591383002159962,4.186402603210911,2.1357796948109398,1.5410662035691691,5.156787527342196,1.5726478151852268,1.788638064662368,0.0269076357965463,1.872941011792616,2.4842865816103767,0.3286148962936026,2.0359628223430475,1.2732335444963707,1.2853873419602382,3.013159472114604,1.8615468911194848,1.0336028319166897,0.0281679821117778
Mineral wool low density,Insulation,1.0711934876801714,1.8290482889723427,0.5680681688068099,0.947217917269112,0.8397674908267414,1.908507489165324,1.0071973355411368,0.6018259195459145,0.7102197079744634,0.0445423637487847,0.7703770327270265,1.3776273704541468,0.3804333880838565,0.7628730724320787,0.6833335107072391,1.3387116553356693,0.6053850843675067,0.5626737489481164,0.7140865744456041,0.0389547387052589,0.7449371723087975,0.9218793766773432,0.7633671889918716,0.7517311043494881,0.4587927208242948,0.5491525314992172,0.7612419659002202,0.4494537964930363,0.6693470255851625,0.0380532520639971,0.545797672742441,0.8105226616480445,0.4566756822019963,0.5921068883935291,0.3025862972940222,0.2725754276765643,0.5199900078552029,0.6306721325060443,0.456199126594923,0.0363400041510392
Modified bitumen,Roofing and waterproofing,0.3900464178697932,0.3562102637263586,0.0569789629942693,0.6972858643822895,0.4576728190152925,0.3640833455614525,1.0139193809181188,1.196961191897242,0.2988737983992856,0.0021598353285418,0.3285706334191473,0.2763092235890941,0.0786438897256292,0.6956474634945813,0.5894446593262477,0.6039970440457313,1.1375417810973347,1.1927341706245522,0.3683994973955241,0.0011935972641572,0.2403118041160595,0.1812244820913953,0.0270719090309545,0.2461174366726341,0.4736317616357878,0.1317196739011425,0.8148484436238641,1.1280742772010983,0.3121666066141206,0.002312231895733,0.1557576331607272,0.131723154357431,0.0778181835032176,0.3481947890266013,0.5760914613244239,0.2651821439140968,0.5304280459287215,0.7494524227063207,0.3268458917855976,0.000831977241337
Mortar and grout,Masonry,1.922147075569285,1.3426083526604626,0.8974966029429657,1.416463371769262,2.16765707633643,2.768198488266932,2.516291852086647,27.733604553938115,0.8730502724067265,0.5272486696793356,9.578706038585244,4.882644682494305,5.025962752692089,8.350384727589857,12.321227817125123,7.722306213595301,15.17556292003375,146.00593834470763,4.258041352650781,1.094094613195027,0.339917367980186,0.158945087721087,0.385996308701746,0.5912430364042451,1.46900837406939,1.3142363112498747,0.464025552551389,33.964146032891435,0.3468779269056526,0.3655653167246232,2.3436241680410523,0.786568253696924,3.3367988006040163,0.8714493031751753,3.802697495395661,4.246426091645578,2.018956549397527,177.65779684063924,1.6751579094463496,0.7561109207732782
Open web joists,Steel,9.025718813705025,4.6634886563439215,1.949407263499123,0.6923838561811151,6.28408141607346,5.58372319358352,5.106536908438738,5.182065995623131,0.0170196144096921,14.791611747873022,6.907248350586482,3.991659983068339,1.4486889370489615,0.4945721907062007,4.747363360193463,4.097684105835644,3.724983835449782,3.825581532052918,0.0131916168618062,11.02640470140737,9.678576599307316,6.998844979432417,2.241399235330896,0.980688327828248,8.325764447533063,8.442571676725553,6.038972467517556,6.329722509200367,0.0272399475322983,15.965184295745017,7.438019605423559,5.2745713563848,1.853473487793702,0.6342859613043457,5.729474554146025,5.410978670799788,4.592938260703609,4.904118321587367,0.016906673608888,10.773272839326491
Oriented strand board OSB,Wood and composites,0.4945337989206037,0.4791422336183225,0.2761724026186209,0.1319834756476331,0.8678985223828084,0.0234311887625357,0.1650007756669652,0.9968025504616724,0.6702780010314767,1.230614137006116,1.2238278406923144,1.269881453836882,0.7420517908382417,0.3619472988946767,2.404191092145051,0.0584820331998815,0.4387987821630624,1.241899444100826,1.9687591280434569,4.338192815307987,0.0874649807798326,0.0683237484400917,0.1950867315919066,0.0399730838023748,0.3168504648335249,0.0287308545728146,0.0082891684237031,0.1066271310071559,0.9888717528305652,1.300299038808551,0.2037116673369383,0.1575847883753985,0.4385218703688749,0.1678745025451418,0.401917870440047,0.0675796357411038,0.0146704010794689,0.2094453894780364,3.290945586654809,4.527105490296028
Other,Other,0.6374910211838709,1.0792795320586404,0.2555482095302349,0.5463795725254476,0.4456807363649517,,0.1245899983847479,0.0073767294992082,0.6648836252444934,0.8864131443298968,0.6012215453594472,0.983650423429438,0.0937415876364836,0.3019979396331434,1.2149531300981733,,0.0202028812336083,0.0028184634906691,0.2534204109106219,0.2600160360824742,0.1241563891642393,0.194804539143172,0.0332544808290301,0.4390894047619048,0.0930569684337276,,0.0547663282737927,0.0073767294992082,0.5735914107531879,0.8864131443298968,0.0499631941910588,0.0715059803788624,0.0119579701251256,0.4224593263635913,0.03276653818089,,0.019283918406265,0.0028184634906691,0.2554611347656055,0.2600160360824742
PVC,Roofing and waterproofing,0.6068153511302188,0.6109353438677532,1.00459130757777,0.3841019211304615,0.3992031462805703,1.477723126076795,0.7854798256229181,0.5766641672886811,0.4910242046808282,1.414401592691849,0.119131427133673,0.1189652071882289,0.3211365941810618,0.1156831973420578,0.1189629757199937,0.4958453833129165,0.1966990160118721,0.1349117127721112,0.1382707536633826,0.2266216932034767,0.4072628615037093,0.5141327081505614,0.4905173026221641,0.1682043410545782,0.2700104908519241,1.2391493267341072,0.7610494212529298,0.5434762781831265,0.2480132999924544,1.514200843360422,0.0575897097282464,0.0850613466423364,0.2873116575405751,0.0499440904679819,0.0690634608769356,0.5174700142521872,0.1313628681920685,0.084771537932525,0.0602624726483005,0.1579629049097123
Paint,Coatings,0.9975002685228216,1.1174029109496806,1.414556346329655,0.7953792909502689,0.811004545841273,0.4959051168857406,0.9320403620843656,1.005434938216253,1.391103501802003,0.2519567820826039,0.4475657733284931,0.4913948046517752,0.5917386441146733,0.3543085816562685,0.3577418139436688,0.2314157731950786,0.383506339651427,0.4541932679001125,0.590150307854168,0.2810205367003426,1.1097799959657166,1.2215087619454996,1.8392351001448128,0.6751823653366228,0.7083151453016375,0.2314529005523095,0.7811397545242222,1.2236293514604517,1.6269501634524293,0.0695159901495346,0.4613049520398266,0.5182111660393981,0.6630981194934333,0.3550360931917573,0.3177139540388417,0.1650136967901654,0.3156073586803836,0.6079061584088373,0.6573805939339806,0.1997166945906687
Parallel strand lumber PSL,Wood and composites,0.1127808491464977,0.0481146163330475,,,0.2249478418736644,0.073721962681518,,,,,0.3300809439347791,0.1351014771471594,,,0.6601547028301236,0.1949437751324465,,,,,0.0123826072898094,0.0076523210965032,,,0.0821234584721775,0.0903963947408335,,,,,0.0305547082297629,0.0186990755289026,,,0.1103606003654793,0.225269686989492,,,,
Plate,Steel,7.14300475803212,3.435288944857005,11.267972220726673,1.9393906607735,3.92947894938836,20.474938145736647,5.01971455724647,2.197770417704228,12.47699769931428,1.0921333578097854,3.1572416237173058,1.463219106057538,4.858939461632373,0.7963251109222194,1.9189969478009412,9.35559748816912,2.078634033677289,0.9609482748194929,5.774112836488595,0.7825116642757318,2.280623367083404,2.583744581802668,2.625195732868574,1.3432829444575771,2.875242558290329,8.235630830284139,2.5501196929608043,0.9769340403802512,0.3132455845481254,1.1676867196108125,1.0967120543680566,1.145720317249054,1.565981675387635,0.4906962478993964,1.1109326689825756,4.595493359990419,1.145702604649016,0.4482958065820835,0.1151489613878268,0.7721378840374443
Polyisocyanurate PIR,Insulation,3.683987818254072,4.488304160181803,2.4250424884159694,1.6907876745912824,2.664092181927126,7.6591029584080035,6.963894292293062,3.1899421381288398,1.1292397144532182,5.945824367411771,1.1925823349743212,1.6495702423673635,0.7071160520125832,0.4667044873625381,0.9528482899166032,2.2669072995969617,2.3589646647013485,1.6463235472913458,0.3724581446950847,1.964201491097308,3.007406386037377,5.074656179299812,0.8154976201675423,1.7572878989708098,2.4768286051908426,9.762368135377388,6.912378811282019,1.9021317670090672,1.2217083703848874,5.079612628046703,1.0380721100788846,1.8800266752713728,0.3305260011233971,0.5507295251332172,0.9587418823556184,2.826313286864305,2.7162215723281347,1.5210354026688933,0.3502343591668159,1.832359623306043
Precast,Concrete,4.148097847006647,4.314958243385584,1.721458756011363,2.895746420823869,5.373555936394982,2.472695518332994,3.5324684387640746,7.201053256250222,0.943764669288768,19.1638579075321,19.858816227946043,22.20858730848415,10.997718651036358,19.02408541820147,24.600799588216848,8.290333379752015,17.582076924045115,28.37074667101702,6.081982070668382,91.01012605797698,0.5290216312068433,0.395432100353919,0.2343791986244427,0.8494051528483246,0.288139535367113,0.4938593573360891,2.3982730306009605,5.565019555106814,0.1801881375194592,18.62844953351123,3.258716393539504,2.3622942826422406,1.4700156246677305,5.282020994488142,1.9053784581118027,1.699669424768225,14.99621148311802,15.654461291040755,1.2863458288925107,88.86203345050261
Raised access floor system,Flooring and tile,1.708883587707324,,,0.7615260688457935,2.3035722930033296,,,,,,1.5382596626183094,,,0.8407763241819206,2.134291981112185,,,,,,1.41741475370711,,,0.5422055706252212,1.0396425179942397,,,,,,1.2546873531586524,,,0.8849189144074578,1.0496855563601912,,,,,
Ready mix LW 3000,Concrete,4.595087885725727,6.697262964802019,9.737234092056434,2.2408625308492547,7.479817870526132,0.4738693329005993,0.3604199672772861,2.772914877042878,3.728062963902487,,19.00812894147007,27.993802631100767,37.0461775050099,9.048985684645231,28.774818335667256,1.635085292711934,1.3664167380912065,10.79732829679183,13.770080687124926,,0.8329540391032144,0.6688717296319829,2.434481282538369,0.9560759753940796,1.714203291207039,0.588190157310724,0.1159782805772405,2.4580258025749013,0.0640941860177437,,3.3730322064644955,2.5007537653682266,8.387853633175855,4.164433265119122,5.346968707760143,1.6937112815151492,0.4917273024666521,8.178905779668984,0.2497636051077259,
Ready mix LW 4000,Concrete,10.578665162277463,18.15329867445783,3.624711694852474,2.4700028645466867,4.52269963299357,15.423614691484614,11.709131990961536,28.386241963497937,2.7711372548692825,42.86132530403592,39.007614154827706,60.99908016558145,13.37864407703333,10.254936579868057,20.49609424790705,45.9634558817812,45.10609726038175,116.37731504941962,11.41452390871015,166.89844234656297,2.9026751910652693,8.070412429286453,0.3324205940578851,0.9847456496996948,0.2125759772495682,7.512183384684234,6.112772843743816,25.162732459649696,0.7412552053066329,43.416601625937496,9.435474279928089,28.967086082545244,1.1729677307019486,3.236383529604788,0.7591811205847977,21.418763379901,24.78155490168393,88.15505729902394,3.5520111561279637,167.1255221205644
Ready mix LW 5000,Concrete,11.305216603381284,3.830763227130816,0.2018041847628451,,0.1323296653524916,,13.973590613452956,,20.69016144281445,,36.56263380760306,10.870550288043162,0.5856134702865842,,0.4225199950831393,,51.658953544771954,,62.4240248647782,,1.1858494220967142,2.4891822245306283,0.2405121164945291,,0.1149442468022538,,3.420280327319459,,5.823233266031656,,3.848209183356712,8.029746140618782,0.7137482796844669,,0.3752894868451307,,12.517354412927592,,26.18324486594526,
Ready mix NW 2500,Concrete,2.74562391710656,6.000442261276441,2.0956079311676032,0.3675084697484668,8.63213201898351,0.7816116752926957,1.7905918966916308,,0.2076087504847298,,17.97693604464671,72.72822377000782,18.102439340364963,2.692109322548468,38.19281890513727,4.1739690458766265,15.70121013395556,,1.7888168066084225,,0.3420117205915896,6.985061018701064,2.4975651494053586,0.5332944879005465,1.2110369435357085,0.122713053567235,0.1738207730914562,,0.1309486207836612,,2.9960375589286428,87.9361672175942,22.063332885691487,3.675862885140707,11.090729146422088,0.77948624422209,1.522691578087554,,1.2217240691444915,
Ready mix NW 3000,Concrete,6.628020870007578,7.279532993377793,9.302018148942189,6.217269272754568,14.386889750056277,0.3159605017058336,5.380125825063216,8.292820883020926,9.026106711829602,3.525715181839288,52.07141965581036,53.78176359911802,65.12049998519721,51.96194177807354,96.73498688627316,2.028686870764209,47.24391559581164,54.14655127064956,67.84810227055698,38.5371035646755,5.11551742465507,5.913706905475279,5.690330462651016,1.8410025696995544,17.644705138681303,0.3921858712923148,2.8269273519459284,7.35109753110615,1.6555088761251795,2.744462124038224,42.89772584871644,43.031080135716,44.53130650911287,13.593915230944576,117.89273582524586,2.1014254455044843,26.347362700670303,41.01565951905379,12.7155533468348,33.74215697788318
Ready mix NW 4000,Concrete,24.396731744856417,30.51541247853484,20.29529106010446,45.90601774671696,24.023396274555925,28.40085468368911,26.05216308765846,39.02525660027225,6.0097413065942415,37.73299576209377,174.6209940483508,191.2655989053017,143.61453624111854,331.72577523666115,164.51071608959214,179.62987311950144,180.374061324414,267.60371564042657,43.305232447631454,360.7652150764616,30.596307883547663,20.258709596811336,13.776986279105744,65.12629223237803,23.32099133929161,28.40171345032049,31.653740158033568,29.75316609704739,4.9207224893133565,34.33421194161657,214.68193627755076,118.02052331243644,95.62303058226514,473.6237782218657,139.8546747490736,160.3091569138061,248.5162972011645,248.41609391020364,31.16687434948187,292.1653129668506
Ready mix NW 5000,Concrete,22.881113334118936,19.930898518283552,35.926238594672434,25.55215048976661,22.071811947188948,46.49469547128903,21.180294203392357,52.22099657403897,21.6079655562622,5.297434426831677,129.5477666782458,107.70584941973422,181.36802898078025,147.50303357019607,125.82631457928784,235.95988577576543,125.87251755224304,229.90091394712223,118.2318271368182,34.87343988907537,22.342853451565123,12.64528061929713,40.71248084011298,14.122935163006984,24.042394564657933,36.4149921863955,19.362098068422043,43.08989893447183,18.24044946836745,2.193991550089541,128.18637386463172,69.800335068006,186.84987387440964,86.426292665456,113.89767703455286,265.2109156234699,123.23415814929676,160.1165605120703,107.752649270715,13.413929538064126
Ready mix NW 6000,Concrete,25.359879700204093,37.485644810410285,9.245604341576492,30.865720573500965,25.65873147807602,23.225104576040817,19.9399631225512,66.19438110259186,26.312778009097137,,146.3107005459894,178.5897282464189,49.31986653881886,177.24627223329313,167.43987307714536,137.78863269089445,107.19549042661214,290.0814013100138,147.37444186835333,,23.793538098800312,43.58188981178826,6.954873299835334,12.494879728807357,33.80784182729433,18.86300716769173,25.219196065561377,57.277011422091846,27.615679047148927,,132.25566040950775,216.74071795199825,43.64171235555374,71.19427737466704,221.4571869201,78.90092662072215,154.52971839840492,208.20723102182964,136.75734798563835,
Ready mix NW 8000,Concrete,8.57472010251714,,7.818181971234075,7.947434603371434,8.303001314989194,,3.23575400748428,,13.298100920039223,,50.043269402672365,,35.627399571842254,42.97446489944063,55.59430547109609,,14.519966457480477,,71.06000082835078,,9.80678408788726,,8.001078442526374,14.522042970101896,11.38363277801825,,4.0924406044855,,14.473981634436766,,51.42168508357951,,42.22584380304932,57.54594217434294,46.790608691692384,,20.93153656836771,,66.08855942141693,
Ready mix unknown,Concrete,26.51460130587558,25.838411335953392,29.06735694285223,17.06500070253977,37.01807895030766,31.21040125072896,24.5186707467128,0.2176576547251291,34.461100206467975,19.813162314437697,206.57529188543447,180.38602335319763,286.7985030069878,123.48074075675876,227.71043499232525,269.11623104777027,199.6324243172896,86.53227878201253,238.92108769165893,311.8374498292452,31.691091718455567,28.14255555931261,33.66279262003614,17.066596807143423,24.985961518571504,38.739900531288136,30.579010633268677,0.1929406978453141,37.24146540027459,12.663025552849264,236.201095478984,210.0533585400447,334.80414497019814,87.64613363481807,286.3627300817913,278.7653944391198,211.1006309509745,65.54763693426068,203.59964537300704,298.4353275387277
Rebar and reinforcement,Steel,38.38871917137506,46.19846891673239,36.28590489136176,50.406068806800576,38.84188932048775,34.787841272201455,47.23661333441896,71.57799470266562,37.68814272033051,10.59869322758019,28.99578825556273,30.0043223930139,29.86444968987392,35.997602780945805,33.00635931862044,31.68649062446301,29.37643512404833,51.22259871532818,30.7603949067914,11.622692543043293,39.72447562360913,46.16193503648318,38.25948593901531,46.04295654457785,48.3827524458459,24.89727624057843,46.62974634288085,88.47278249492628,48.52520823119988,8.342247249613322,30.6493059115292,32.310856004921604,33.486514094620645,34.130040484538696,39.95321928754337,16.292112336772288,28.38484409409237,62.50503975199781,33.039089349201674,9.176336100407797
Resilient flooring rubber,Flooring and tile,0.0757342843002703,0.131219755947775,,,0.0334833120623025,,,0.5160078776673882,,,0.0285752640276097,0.0574924758340402,,,0.0192690545107826,,,0.2098629135884932,,,0.0399449381708283,0.1224763059715492,,,0.0151116051226045,,,0.3295586068679063,,,0.0221705865911165,0.0600026726251,,,0.0094768890028559,,,0.1723370157945142,,
Resilient flooring vinyl,Flooring and tile,0.2829436406804921,0.4413595378411628,1.4495615899821124,0.0021515337370931,0.0972252550663581,0.2156563095745111,0.9395145242802148,,1.889029581343794,0.0990218954622826,0.1260718527997393,0.2584853252657486,0.7139249858233512,0.0016704244376972,0.0367308827729411,0.1694596653858848,0.4044278438026931,,1.0594996895036413,0.05114485945496,0.0742624837500365,0.1876541705742452,1.195876102784699,0.0015318892226606,0.0044780494316153,0.1415198232676993,0.7272973802753504,,1.9333720868112323,0.0816562155929072,0.041075655361649,0.1504119909883241,0.5143006669492427,0.0017581253628246,0.0028368880320943,0.024926019982591,0.2027303325001615,,1.079395349309205,0.0427313368556933
Roll formed metal panel aluminum,Cladding,0.9481040965054,0.585530054421918,0.0276928922375775,4.053485223529692,0.5496536014512698,4.070930434269035,0.2184172791658268,2.3098700813775483,0.988263033761886,2.2471467695538907,0.1452079156741437,0.0646841358884507,0.004752233457149,0.5008416033238993,0.1098787918588606,0.6723898829817647,0.0438791851723509,0.431405649949282,0.189789229056679,0.6345417273647852,0.2863273109896164,0.2245014269897396,0.0133045408787632,2.4348493694640307,0.066802642760929,0.7406006048265343,0.2007720598099311,3.751809766441129,0.5927524037588868,1.053876513563228,0.0442132827886062,0.0122820781295606,0.0038607892368507,0.4258089465752571,0.0184841042350156,0.1592185405585136,0.0560441903649665,0.6867614618472001,0.0753652992506641,0.1446308088274956
Roll formed metal panel steel,Cladding,0.9045865803989565,0.559620648845108,0.2617955401911369,0.57107707339652,1.4220900651098989,0.5714746033040747,1.4633470778656814,2.517391584010534,0.8375190235035781,2.3434583708962604,0.3059627523117116,0.1567817670827529,0.1092391243492767,0.1382571550230172,0.5516865040700436,0.2445941759070239,0.7503246488636807,1.0790786730578976,0.3560866383015031,0.929869433066378,0.2309112817759844,0.2935534067445011,0.0884410905600203,0.0800409494940227,0.3424884055173014,0.040067180118708,0.3842809681212537,2.7113242439196474,0.2052007623764299,0.2652470002442789,0.0747631212974491,0.0348335444338511,0.0711552399873842,0.0227578004631095,0.1695236967668301,0.0183022799701455,0.2587358426338115,1.2465462978670747,0.0544272373170856,0.050365345766479
Roofing and waterproofing - other,Roofing and waterproofing,0.2854446979375767,0.3495289440836492,0.0751955561428724,0.5981943208540315,0.1159682475323021,0.4203163366354797,1.1448591514385775,0.2187467407834797,0.0664975298804908,0.0285175587232264,0.1230393954510897,0.1477851347286586,0.0499654751966135,0.3321905119033657,0.1329372760481055,0.2688637390450795,0.6254488668091673,0.0719967300666428,0.054375498746661,0.0059543711066522,0.0592718999458447,0.0199322168522743,0.0272135451867661,0.0694253717544996,0.0511452936373301,0.3386645740807623,0.0782260669365671,0.1726354175685543,0.0213381838762106,0.0305297390022789,0.0239605671935539,0.0199908057775677,0.0254970836896597,0.0569103218340517,0.0452845590346258,0.2127141731634982,0.0866614239301365,0.0457996297351604,0.0347299386436252,0.0041503959467496
Softwood framing,Wood and composites,0.4880577409614886,0.8744949315199101,0.0470031188550585,0.0172016918716692,0.3993525211568652,1.0054155662797426,0.5682632892971655,0.4473595963481859,0.5333685570361315,0.1723231573230118,3.209343215122588,5.384010552619915,0.2771156030336249,0.110071206898508,2.606185836709017,5.680162608435095,3.1151744438620166,3.3829460141163,3.9512938963188953,2.0440381442317763,0.0290521179394747,0.0057648028926427,0.02529609762658,0.0021417691312941,0.0121658245071484,1.022203286892143,0.015558995551913,0.029660886828062,1.3117519292312223,0.1408467717893384,0.157883331616344,0.0310244331935664,0.0944883131965285,0.0209877810513775,0.0360064921769282,5.610238976651251,0.0636061567752846,0.3002095050807763,8.391004424152317,1.6685817324236496
Softwood plywood,Wood and composites,0.4246307825868601,0.3340955491072372,0.0689776239322646,0.0202654945212463,0.4061501351477786,1.1542718820687343,0.6172928530206573,0.2410576067996319,0.7139128195716923,2.7541538117790103,1.448897896765363,1.0405668406619666,0.2587659823510526,0.0723181562535634,1.2439605537448697,4.277779518876228,2.0998554594701315,0.6299789570416319,2.7091406577569352,7.146745087008183,0.0272261471324138,0.0095148517468628,0.0610860392381894,0.0047658037890364,0.0193156384195719,0.8783163482219344,0.0380417310449071,0.0027168256918828,1.703261178750739,2.9101108515620404,0.0941564391186501,0.0325856789122169,0.1650805756115617,0.0218727617358388,0.0363792455337508,3.067611867662442,0.0999708614222163,0.0174987665422878,6.330309551543656,7.457960099646691
Spray applied cementitious,Applied fireproofing,11.102515234764804,17.706755563812642,19.56382922453903,16.22523171756528,9.332144514453804,24.080055435471493,18.23038397878028,5.41236452425584,0.1750544724699186,,9.041477307215432,15.670719139671355,17.469757102476873,14.40444838327574,8.108641483594084,21.122855645150437,16.476965924025016,4.953540516753641,0.105320651921263,,2.6220389478759847,7.559533848242089,24.42780541303306,23.42884140302456,4.730613025302736,20.927216878009663,13.17707996035976,5.41236452425584,0.008506686845072,,1.6394806316551194,6.6445114999571135,21.647921026563665,20.49756459224732,3.007231052562114,18.03045519505422,11.9646526076035,4.953540516753641,0.0041194244847347,
Steel - other,Steel,4.220433472847341,4.791846992113359,1.4591834694270134,7.880518712696235,6.078867474436372,9.203804007528603,1.973612389758056,8.671503654951415,1.991420594929359,0.8440718432140699,2.257394952482916,1.72766519880546,1.24609984721185,8.005163717172582,4.314882954793265,3.56602777758239,0.7856717079928428,3.554948316299034,0.8671204933014921,0.3766057031823144,1.4907400247544285,2.36917700431846,0.6893909664841403,1.1090158548555398,2.107550728496724,3.491132277957077,1.2228117885753915,14.815181656930262,2.1091515631288384,0.40684276063791,0.6395381011482779,1.2135764641137132,0.4511768575197806,0.2581511911437595,0.8477952924584108,0.9043836665374854,0.4975670731559033,7.183087315148426,0.697400324079944,0.1452432177491689
Steel door,Doors and frames,0.8383610999172375,0.4553570151582284,0.9633957039715604,0.3153229548667187,1.0903684526564907,1.1925218670296112,0.609545338132562,2.471741188113514,1.2339495962980038,2.5800369066431568,0.3251008842792126,0.2330228607955228,0.4565999463247012,0.1325795611118676,0.3591838738455589,0.2305715529750807,0.2380404942176308,0.96290129271589,0.4389365208976282,0.7071762990049153,0.6156398674047996,0.3472232757082946,0.5413169602333224,0.0365140166368056,0.378271230810318,0.5016667459132642,0.5921610544226164,2.283710184735956,0.6810542343931645,2.246654725370916,0.2163857957619318,0.1828341377578625,0.2180813229581022,0.0109797002300022,0.1753699918622401,0.1711740999691005,0.2387436925983862,1.1386185830110152,0.2184877543120977,0.6044986038554995
Steel door frame,Doors and frames,0.0613263320095094,0.034621212360556,0.0911737451912257,0.0238602200753104,0.0828619665428728,0.2028113564654431,0.0247650378708934,0.1629706197610161,0.0636867383107614,,0.0242128726973915,0.0189596379067246,0.0365247361171699,0.0085189509461333,0.0311930450235663,0.0223935517189674,0.008822804510983,0.0741406143114467,0.0247783473465085,,0.0355451351555146,0.0213239218893071,0.0553216707405277,0.0013427745422788,0.0254641718136726,0.0271580978282684,0.0193248685476123,0.0894646329631495,0.0424667766612177,,0.0131435008997496,0.0108944815200086,0.0201898370304094,0.0003207995234227,0.0138886285352018,0.0108614939566342,0.0074343999809155,0.0377585840932544,0.0142290288030183,
Steel framed window,Windows and frames,0.0880727706982924,0.0378133123309886,0.4306630369142158,0.00115317769173,0.210806524055394,0.0858458971389904,0.0492347952695762,0.0713591021962772,0.0690087763107177,,0.0114647056969674,0.0034633303190443,0.1003661314187447,0.0002605730142972,0.0452906209136829,0.019882656739681,0.0120067346788172,0.0228053344822908,0.0144688682370978,,0.0064678213465744,0.0010777316243858,0.0053261537794679,0.0001602573701546,0.0328432736537605,0.0620298427323302,0.0011192387119461,0.0429269538540388,0.0208646730722529,,0.000847587882784,0.0001378743457182,0.0019349561478028,3.909229470500012e-05,0.0076686158224623,0.0144280698795521,7.169131853083585e-05,0.0074097320395053,0.0033905459065947,
Steel sheet,Steel,5.419160878248116,6.687309275601554,22.993336750358207,3.7952007145784337,1.4091970841726045,8.941298987759767,7.139236014160916,5.282822984062793,1.6673333491879674,0.3270286414971948,2.632982432387765,3.736389947658315,12.091029921568325,1.9193708761075672,0.6876236952484589,3.544745562175811,2.8553655200573926,2.06932615848316,0.6735831734990301,0.1157524560703398,1.4742197460701894,3.4859415987454296,1.9458687657450733,1.2333283143577105,1.0995669800036267,5.0336698320939215,2.2401867662721355,2.214987979293384,0.9117202294079636,0.3496523559855854,0.7074762838126004,1.4642892800497596,0.9530240736783512,0.426790577723919,0.3630959363762616,1.8197298397261192,0.9976030208777944,1.0164143961658396,0.3351480201837261,0.1142179223424277
Stone masonry,Masonry,0.8790078985838966,1.078170677460335,0.6640411772680049,0.2761905007658393,0.3610716516115118,1.7466931094596465,1.6742033558020235,,0.3604219142810371,,3.066231428233605,3.212211655897104,2.4477441595861698,0.9913350902688012,1.8447547433547136,7.974483707563015,4.624418930217177,,0.4166191492639634,,0.3439071894865517,0.3089012868160369,0.0588499053057644,0.1546820335592654,0.0948441829101421,1.8482630213353053,0.7071229013718474,,0.0609553588562974,,0.9162184060953904,0.5829939514597637,0.1728540528398304,0.3285086565224588,0.7825027110110485,8.920607292716692,2.2684884008855244,,0.1494987949633461,
Stone tile,Flooring and tile,0.2434363815766768,0.1061058877022559,0.8495485259273422,,0.4392398344039099,,0.1423373386425387,,0.0518946052716946,,0.2623226576335034,0.1669961074316749,1.0856471546770872,,0.4975985527559303,,0.2690913265590975,,0.0675507873800132,,0.0364162224285073,0.0990358279036617,0.3109483856896335,,0.2084598173376481,,0.2932765075303374,,0.056971486325794,,0.0494921155509421,0.1742873761918607,0.4573220464114934,,0.2277021530237461,,0.343190202698152,,0.0773701785711318,
Stucco finish,Cladding,0.4957816440455396,0.3027028890431664,0.6510010460076979,0.7592686354567898,0.8608971993574412,0.0061607119253195,0.3329646460390342,0.0058828425437941,0.9956047894731416,,0.8126894991214514,0.3827389013174325,1.319969660024632,0.9304300338360432,1.6657352179323377,0.0024477230529763,0.8205936396289443,0.0122661978481298,2.0804079465060314,,0.1040810041003569,0.1961378044676202,0.0998207840824736,0.2193054637822817,0.0360070100884687,0.0024432064583431,0.0809380078033042,0.0072965655026613,1.082920496319663,,0.136033752923454,0.1102060542718532,0.1282528427917489,0.0578828231178147,0.0913559594831363,0.0010359976812235,0.0505874082291624,0.0163179594277808,1.2822384318263285,
Suspension assembly,Acoustic ceilings,0.2790579432463037,0.3912130857521461,0.9484930661722868,0.3905187170012495,0.3452836375527918,0.2056895708280802,0.213038041960332,0.3111725352028326,0.1223980504162499,0.0114920819219501,0.3207795373556668,0.8326714953828825,0.4405173331291453,0.1663121397722113,0.1822362822479253,0.0809910616887032,0.1355699355727769,0.1387717148951008,0.0489106475063611,0.0430228443173186,0.2255844093103637,0.3866035106906304,1.139678115861103,0.3023929885917971,0.1916387922690261,0.1785062214440887,0.1269216727625422,0.34778776977947,0.0289195075151124,0.0091711336530082,0.1178950075418019,0.1820771181465704,0.4926231777235173,0.1329343568083669,0.0919324749647894,0.0717481611493974,0.0916520325501257,0.1687124963369913,0.0089134343803197,0.0330825086990056
Synthetic composites,Synthetic composites,3.276712487283749,6.4731675167844935,1.235734976824765,8.513531528693006,2.929317669609566,0.4981387166439308,6.149530568957562,1.6219543913639465,0.7699276263640333,0.4465982470833737,1.0567842130110796,1.6706617842947502,0.3436228306083695,3.1719830947766345,0.9578793363331528,0.3681592612424959,2.389281988611258,0.4010837676482006,0.2457221005847191,0.1209027745934085,0.5452700334493701,0.6025465567126437,1.574327196249608,2.573598529616585,0.7857766201529395,0.2958351911191493,1.1191654729317595,0.9474885496183206,0.1820887650353737,0.1475088888888888,0.2259344202794066,0.4979723609195402,0.4287894398279078,1.2830576270824392,0.6494021654156525,0.0873398507283496,0.3589085585339119,0.2646946564885496,0.091941474010327,0.0491896296296296
TPO,Roofing and waterproofing,0.6516278875878575,0.4326616171733741,0.3244974040960861,1.078376685336067,0.7250829184995305,1.2183819646664111,1.0600821749349758,0.2095346285127834,0.6411074054178667,1.0153572057781726,0.1295126476398559,0.0815196136958353,0.1010090573947819,0.2484936618166626,0.2151434779127834,0.4161003035629377,0.2734724236621232,0.0468072017378132,0.177835142779346,0.1959671590417064,0.4457961069312964,0.4080346630186057,0.1548774714687784,0.6207464704964556,0.1831096386487588,0.7159577098472596,0.8254369522524974,0.1974755958741651,0.208399533201683,1.2459008605470745,0.0623101549292563,0.06287070537232,0.0885751537157006,0.1635783125885584,0.0490955484241366,0.3012369620960475,0.1338416935352051,0.0294112230591488,0.049662487657333,0.1318712168894444
Terracotta units,Cladding,0.4358665911238201,0.8277954617606974,,0.3331458670694622,,,,,0.2130806639258572,,1.2334962747657654,1.8697474249368096,,0.754489921690185,,,,,0.7612461634230411,,0.3320964017837226,0.8664787113131309,,0.4116638805189279,,,,,0.3452874925681095,,0.8794800862054206,0.8289465302458716,,0.9436672764100162,,,,,0.7383737452016205,
Terrazzo slabs and tiles,Flooring and tile,0.4175804757629852,2.157153551899215,0.5736438398454495,,0.040450710758454,,,,,,0.1619365924118706,0.931636494667325,0.2371256286945167,,0.0683724570267647,,,,,,0.131558138871054,2.013417846586859,0.6272127539790826,,0.0182561141733245,,,,,,0.0753030199483856,0.9723129641604604,0.288983479022728,,0.0336268801218348,,,,,
Vinyl framed window,Windows and frames,0.4386279059619635,0.5556501745805768,,,,,0.0363962388661736,0.5029229495964629,0.3603836968367406,,0.0823258486987272,0.0827382191636268,,,,,0.0092514199385398,0.1686898731054837,0.1042492778720047,,0.2540469878042462,0.1745330976393918,,,,,0.0052710304571961,0.4149107433657211,0.2097278347587021,,0.0465810719555855,0.0299445850333439,,,,,0.000438854004352,0.073489452393145,0.0558269426124103,
Wall coverings,Wall coverings,0.403964603854329,0.7094009451218548,0.2297890886581679,0.7710924202071165,0.4752583289407025,0.03838541985,0.1324871064094727,1.3712310037292923,0.0201204941241001,,0.0515307234619363,0.0629493827801934,0.0430375739460338,0.1015385907660042,0.0549346728587912,0.0123823935,0.0160149813935018,0.1709118707996019,0.0235701935515432,,0.0454750782744209,0.1280423557203506,0.1677013056804,0.1099764799104047,0.15820628105558,0.03838541985,0.0107755425822484,1.3712310037292923,0.0142925903244152,,0.0165137497882317,0.0135483770491137,0.01793119173344,0.0055264562769047,0.0253765978357142,0.0123823935,0.0034728422535717,0.1709118707996019,0.0048199489463791,
Windows and frames - other,Windows and frames,0.3139331065538174,,,0.179894236009469,0.4010644445305078,0.6904646458724281,0.6241852534263475,,0.1454335652083303,0.8734531309233543,0.0430404250738111,,,0.0502877091264184,0.2203169305131794,0.0521569161303094,0.1030804328248536,,0.0201126908338047,0.199365909809642,0.0904289774892558,,,0.0249999435261371,0.3029528341441015,0.4989104293051661,0.090396688895258,,0.0550372375285255,0.1737248624930663,0.0068121481179147,,,0.0075443804129576,0.0319386983797825,0.037848243345075,0.0048897640595768,,0.0086983260768202,0.0172718014938628
Wood I joists,Wood and composites,0.429846431549263,0.0043884286520747,,,0.22969054724311,0.7893680294830762,0.0267460872193855,,0.690710733170278,,1.0188622954078932,0.0099114228473386,,,0.542189253519698,1.679061841320248,0.0606132986635579,,1.7038375008721518,,0.1436416621623579,0.0006979514275312,,,5.10538684281645e-05,0.9679072747589084,0.0052711421359654,,1.6329422954474553,,0.2850954955865666,0.0013718165658499,,,5.518478705183037e-05,1.940260647836699,0.0079499424688884,,3.741973219759994,
Wood and composites - other,Wood and composites,0.7933657726780696,2.264043625974564,,0.0120862041995229,0.3030308223100409,1.2570915803556193,0.1696027306029404,,1.0194976124986064,,1.5801244084298316,5.125535743081633,,0.0484286064871476,0.6521484781909148,1.649262128121018,0.1551875814909915,,1.6576124802480876,,0.018099853557654,0.0142102966854876,,0.0036604798513563,0.039657143319377,0.4707515242166543,0.0062479468809197,,0.1758187114221038,,0.0230868603012371,0.0187404986930097,,0.0224616352927946,0.0138526419567302,0.7955017522428006,0.0024457136344842,,0.207762536930227,
Wood door frame,Doors and frames,0.1680149813327981,0.0804780735451162,0.0188251651758576,0.0020650791527752,0.0083664864725661,0.0272174530535188,0.125555207717104,0.1890000507389172,0.5252717253804952,,0.0438564615777544,0.0246629461638031,0.0047134196155388,0.0004608168938417,0.0021306748662611,0.0048420932546425,0.027956474839622,0.0441593127014371,0.1177303166587984,,0.0526843506195105,0.0733101421173735,0.0244926695859244,0.0009462473835337,0.0069997062111615,0.0280343278579472,0.0568044255188003,0.2020265163435873,0.480146033585441,,0.0121756607258045,0.023409037766155,0.0055866783391586,0.0001412912686194,0.0020355835068753,0.0070074560388221,0.0136581401237095,0.0532908574719175,0.1005493629179402,
Wood framed window,Windows and frames,0.1373589408094151,0.3158232530127982,0.0009245133431187,0.0019738404004552,,,0.0718542848088925,,0.0045796136627885,,0.0157028690452216,0.028643819868389,0.0002038451213884,0.0004449969989786,,,0.0111246582110882,,0.000806898446356,,0.0011691176731039,0.0331312972739044,0.0005198091829383,0.0002743050563242,,,0.0104061885377866,,0.0023880971322734,,0.0001305677053914,0.0034622710246744,0.000188414020426,6.676038143793033e-05,,,0.0005277136737297,,0.0003871879881652,
Wood or composite door,Doors and frames,0.2634192899651161,0.1109328098857529,0.4372031803571394,0.1602055956535218,0.0921799315934027,0.1976436009873824,0.1672264762626669,0.1041201838218725,0.9747157612296468,0.066765385275181,0.6071311572131575,0.3137118817827742,0.9262286432233348,0.3290477340603641,0.2218593559200658,0.5860263910332755,0.4156694365531321,0.3397279379214654,1.7936376544764354,0.0519985620763303,0.1346876578070386,0.0781192166365434,0.4144966464754901,0.0932624458968397,0.0755653195082289,0.0410421465395967,0.121623739089858,0.1221518218509407,0.4566330477562009,0.049909014425675,0.3028149579215138,0.2776336731048268,0.9255946132860818,0.102906250172999,0.160376823527681,0.1709814714020286,0.3419383519070962,0.3863055023712545,1.3177876901497805,0.0384636399118187
Zinc sheet,Other metals,0.1058898575406785,,0.0003564793818674,0.4675958797983307,0.1911319849857975,0.006910676448899,0.928177111003541,,0.0006545047203524,,0.0168601238539024,,0.0001076064293063,0.0819695541783284,0.0353119619017281,0.0021324976958987,0.1931290018362272,,0.0001810769151205,,0.0056882828661048,,8.026606211919883e-05,0.160823250332588,0.1052346018708618,0.0057048754245655,0.3493055614264106,,0.0006520087675666,,0.0006215635950037,,7.811440031407244e-06,0.0248278087501683,0.0203552134372338,0.0017000054922774,0.0699233571048699,,0.0001802246790636,
