mat_type,2020,2021,2022,2023,2024,2025,2026,2027,2028,2029,2030,2031,2032,2033,2034,2035,2036,2037,2038,2039,2040,2041,2042,2043,2044,2045,2046,2047,2048,2049,2050
Acoustic ceiling tile aluminum,37080.059950470306,43369.14193461291,41771.06271088617,43993.0075286208,45769.78862539613,49554.28271570737,47862.13649582719,47069.356836590625,49292.7941228465,51666.25359724714,53532.01647074228,54757.66378797142,54411.864352545206,53038.672111347805,51661.90428711297,50214.58653623315,48891.92974206369,47857.47521366642,46887.68320644658,46042.264529734035,45430.75509249575,45026.15788113855,44868.24523211603,44959.908340316055,45231.553504351985,45637.7574781951,46138.307909153016,46686.014551727865,47240.89945172171,47781.005824564854,48276.86991894688
Acoustic ceiling tile fiber,273817.7404347882,260144.59391920295,263436.36876531964,306271.1193166049,316459.79627329874,335631.7015866154,328633.1278902058,326304.07247873617,337054.10318867525,346832.85110405873,352726.4319537062,356371.89703786484,354728.7192056425,347297.7395238084,339061.07038443617,332160.2560255928,327163.3336392229,322533.35418173874,318319.6725519771,314333.0305751992,313223.2807912831,312204.8131298075,310533.215836089,310713.84074698656,311737.5880802644,313363.3672896038,315055.1885820673,317297.41686725954,319025.44913099764,320474.6835384302,321924.76864674187
Acoustic ceiling tile steel,24590.935360614832,25276.40466968744,26759.311229888903,27778.50101097215,28899.027995095854,31288.906961167562,30223.91668044847,29726.31385149397,31131.92807018921,32631.960732276195,33811.43755745043,34587.25837572193,34371.47395278534,33506.60070849774,32639.134178881275,31727.274909351065,30894.415393140884,30243.388037713503,29633.149345370643,29101.2239293247,28717.03326472258,28462.9996430283,28364.66932495906,28423.987661777064,28596.90737217843,28854.866045557697,29172.426978427608,29520.17631344733,29872.197984844315,30214.99038887948,30529.8177913122
Acoustic ceilings - other,103953.7786957451,120350.61663015294,114740.06218092875,114587.1006570697,115778.99872656533,123402.15381907817,120230.39647856003,118969.32396629133,123781.09604793618,128509.63029156304,131941.6145547667,134322.03513919134,133781.73103103644,130744.3437734864,127535.11646231354,124474.47813282054,122087.577930612,120285.55047506688,118689.95175647392,117241.4532651204,116374.8683530268,115520.97742979034,115135.82320120369,115312.94715591232,115808.60757740695,116637.546957927,117679.89234584954,119200.6350575738,120505.5513255727,121895.36777352737,123199.00083415248
Adhesives and sealants,63781.984426827185,59985.76574100013,58917.54845413911,69462.03971183805,70950.2347341976,74409.35310934944,73319.21577578771,73109.97563750652,75044.49864592821,76544.36709726728,77146.66962287828,77490.113679651,77202.85550314974,75724.71812515077,73987.67799994441,72728.3090219256,72030.55417640883,71286.0226572116,70641.91720696306,69977.12901881547,70032.0443144677,69924.16727076758,69491.91213660216,69466.76510092514,69577.10215299552,69798.80063027915,69992.51807261983,70392.05891339705,70595.29124044275,70748.44079460093,70925.75717074958
Air and vapor barriers,184589.0385728035,195081.15641108836,192101.20494623375,205563.56831636734,210587.27087343967,224578.43440477314,219222.01768539814,217258.51841454284,225706.19174701895,233908.4928149687,239664.21713067387,243562.32451745405,242655.81818988326,237445.94367333106,231852.2928742785,226711.9878531553,222733.0127436992,219500.57092314685,216587.90711351877,213928.68099398218,212706.2744172359,211641.97302267322,210923.8298858696,211350.6257162281,212393.06015655084,213967.92082487757,215799.6564645254,218215.70895591617,220316.5608347296,222402.46488629543,224393.946403223
Aluminum - other,307422.9602855706,279188.9621775724,276301.26677223766,334929.1350589562,342240.0707896512,357883.05654312525,353300.6943706842,352733.65509798983,361276.7103235851,367413.6996326446,369150.0538734244,369958.163359597,368619.201807551,361777.87648593547,353567.9735434961,347958.13766344317,345196.5270469902,341921.5930576257,339118.6600630528,336123.4155674437,336841.2413404443,336602.94802113157,334371.77930456435,334137.0483698582,334499.4500276864,335334.691274152,335924.66517797916,337487.22803778545,338033.88604343997,338283.5057326224,338704.0422340083
Aluminum composite panel ACM,62291.03519065536,61195.375312670614,60600.187097204805,67427.9864491944,68151.67535936303,71590.38381730166,70505.43350269701,70297.36050479134,72397.20691380046,74129.65079111989,75031.43511435734,75655.28697084908,75474.02028677927,74050.62978059298,72397.08905507618,71131.90164413876,70415.65722807049,69757.02506365173,69208.41090893051,68647.47506963389,68667.46367101926,68505.46583091437,68198.5837748856,68257.58712911057,68447.65703504087,68775.72046673819,69124.73129944515,69756.98998723339,70184.97904728507,70616.24335085879,71051.2582913817
Aluminum door,23087.267619677794,23086.51917047469,22785.800295809335,25881.577180038417,26262.11935164631,27697.391310922656,27167.64246067284,27004.470036023413,27858.631235386525,28604.73980170654,29034.25118590589,29315.453855766107,29197.953697971483,28589.648119511858,27907.773162965554,27347.27906782966,26976.480875527257,26649.552617847337,26364.638595202014,26087.13135786468,26018.783190085065,25909.53829932199,25773.08676506515,25775.85149152765,25835.591522617848,25950.380190718068,26078.772888723135,26301.48383595329,26458.143999019765,26613.734823759816,26766.583791406167
Aluminum door frame,4897.918622146299,5131.375680917442,5159.066665779759,5724.101182139,5770.675178440653,6121.884200460746,5976.513121084148,5920.996876063572,6140.243547642426,6347.879855847972,6489.486546893877,6586.406725136262,6557.941951507002,6410.290056541809,6251.569121528023,6106.859967541654,5999.573181097059,5915.807099861322,5842.348021713825,5773.989941573656,5738.668319810127,5698.9516826015515,5674.29840855355,5677.675405933764,5695.17336596427,5727.8952586309415,5769.030374229603,5834.833974032196,5887.717730217949,5944.260473475145,5997.550318980535
Aluminum framed glass entrances,7972.223487236461,8183.799086876437,8679.043966428559,8896.249314685598,9265.996587196456,10038.999987534084,9695.427885454803,9534.806270057068,9989.117923466089,10475.148197995319,10858.472334652572,11110.728982589651,11041.791203021923,10764.212875951323,10486.205849353066,10192.947389222001,9923.960564556026,9713.714117609685,9516.396364870889,9344.66697977668,9220.3822781434,9139.347341694986,9108.766101429963,9129.033728760907,9186.206345773831,9270.744780073144,9374.533930242766,9487.02206487317,9601.581095915222,9712.848130683322,9815.073799033722
Aluminum framed window,36962.255847633496,36102.441503352464,38608.12065720342,44582.42663737127,45897.14552796615,49153.04028530074,47796.553805859905,47229.99312320049,49156.947946811924,51090.32592795598,52496.01020299417,53423.304094237625,53148.586636772714,51915.2070219146,50624.12394783994,49382.524981203715,48353.92015824921,47523.64512939323,46761.5925709519,46076.40779004813,45682.339705751925,45376.965992514924,45193.48039346948,45258.274772625526,45469.76519402723,45800.32560191267,46195.76736799075,46689.126135469014,47137.50085747857,47576.67433418602,47988.382129841884
Aluminum sheet,286301.20507956424,267830.8131989135,268827.3282933434,316821.6010159624,325320.6570981132,343164.560071166,337126.71458906133,335510.2917190541,345580.39978567563,354166.4965670714,358706.9403027114,361498.05333198793,360081.2582363973,352926.989914551,344764.1283575038,338367.11117908126,334241.254652297,330219.53864365484,326644.3440050059,323138.08283003536,322737.9679215363,322002.32768058695,320227.43405557994,320336.7103374937,321193.0965980969,322625.25047790667,324041.24828227033,326238.3019851538,327716.27022727026,328950.2191577799,330235.9934327577
Aluminum storefront or curtain wall,117404.8449817974,118531.01392627523,123150.90222964436,137159.0839150338,139617.1833864267,148767.23356255103,145098.086975578,143690.8310514174,149302.40099694004,154759.17425374314,158615.0997915577,161240.45479680394,160583.51952611492,157021.9403198933,153222.5072609681,149687.1600423149,146949.14109894622,144784.3758673126,142848.25527405602,141079.37752808802,140161.77241675,139297.94909847845,138789.0095354232,139001.30963210473,139605.19449242324,140578.1400162856,141752.4435958532,143396.64589064257,144804.07567000258,146248.4201126098,147614.40314321505
Applied fireproofing - other,173960.2917074442,184805.82211550558,187226.5422053167,178460.48974960012,181877.51068259595,194870.0985346152,189641.3098540155,187559.88358143176,195700.9490685924,203923.5465362041,210122.1476709078,214433.72417562912,213681.2877647708,208920.39696214892,203943.94704217272,199051.6378219478,195065.07818628434,192061.30564971926,189359.16765943338,186956.4019444065,185481.0673359334,184245.0295651521,183825.31794822423,184337.1942161126,185422.62394524904,187049.83806399992,189035.81705333,191635.86344343788,193998.5701295477,196448.09971222526,198751.5885227077
Architectural fiber cement panel,376142.8939857825,326226.34882594866,324722.6236216891,411108.09425372246,420340.6198426378,437879.7166493059,433311.0398243042,433301.78500788077,442511.1985475876,448270.356530871,448509.2295820915,448117.6730068042,446524.6854465103,438567.4670840065,428739.26233140804,422579.48634133686,420137.85121589625,416602.00800240546,413625.50900724414,410265.8263338213,411856.9542202303,412004.83424984146,409013.1289534302,408525.99393672345,408681.9339682318,409313.4353938761,409464.5913256859,410770.905901158,410721.28879328637,410214.85028972244,410005.97463065945
Asphalt shingles,275789.42031719116,278794.98141042615,270305.6121216515,291428.51509540057,299861.2496198827,317752.4731196038,311793.90783022984,310147.2062585941,320563.2126043286,329962.5081107796,335705.5112200128,339493.46410188364,338457.5425885851,331852.95481287397,324420.94216201094,318305.80201801605,314113.9130879973,310283.527018954,306862.17619436234,303602.5510825062,303020.58067618177,302352.4406926357,301127.52157663077,301651.4808242432,302954.73339319834,304866.6678153581,306879.0393069942,309597.1938636719,311749.19505940325,313712.54323985503,315675.39549478533
Brass,606.2002301118001,646.5872143817355,658.2700636262626,598.8876912784419,624.399451550231,677.1611833455473,654.6364604937153,644.4318975491343,675.8089804316564,709.3952999854121,736.0849948633991,753.9330601963449,749.9995458042607,731.8723926789179,713.6800106283322,694.4123267367037,676.7613421181468,663.084810540375,650.2641700735918,639.1679982514252,631.2977488822899,626.3756374293063,624.9046626906525,626.9222590701437,631.4804184818757,637.9302284571863,645.7184787116953,654.1215784593394,662.6839269981267,671.0355300761962,678.7780175459976
Brick clay,4122593.5832203235,3810953.918814732,3765480.2217755513,4515408.052875236,4596357.5792541765,4808348.7232657615,4744078.164001092,4734615.652196591,4853682.862536881,4941632.836401802,4971187.864708707,4987402.306932665,4969947.464290341,4876506.232254473,4765269.720168879,4687256.322665827,4647645.854751933,4603620.239618158,4566280.588037328,4526596.273532562,4534060.553388534,4528163.040470754,4499446.114024179,4496817.207625476,4502153.471361691,4514479.675209958,4524576.82529598,4549607.217129673,4560650.05037091,4568873.559711035,4578915.31198968
Built up roofing,101466.60297713346,86691.77314758916,85120.44575435895,113274.32433812245,115741.00222465917,120209.32193861157,119145.53162936315,119263.61945665779,121536.40281883048,122759.57411952133,122442.27080447033,122054.92022237912,121614.88227932845,119495.82227849776,116825.66555438633,115257.04605432556,114760.79500793882,113880.2779848634,113152.12261688069,112288.60491584733,112852.99248460002,112958.14992665226,112076.06065058707,111888.62726978713,111857.39439101686,111937.8623096363,111854.0034807155,112091.78440180517,111930.33443900748,111631.07257501691,111429.34714341821
CMU,4833588.8370832335,4802802.274765348,4843983.100386867,5566764.326127522,5718604.926363306,6084570.698457758,5945180.811214408,5895017.207898791,6109981.748728588,6314056.8507833555,6450271.975676416,6539793.214764401,6512107.473721601,6372311.455660479,6220608.681025808,6085705.92754616,5983516.0839555655,5896555.542900331,5817895.104928204,5745058.638811765,5715915.107269858,5689903.470067551,5665423.536339454,5672771.077986372,5696161.852244493,5732616.696350655,5773856.594849035,5828847.9108499475,5874914.918681477,5918899.35486098,5961267.760991147
Carpet,81008.03192189986,71613.07550187115,69557.6656509916,88595.94361183929,89874.81366421143,93122.05601787764,92433.22632575835,92622.81156823602,94351.56115947892,95218.7078701708,94897.10957800079,94587.66378174418,94319.10319900498,92731.7243091439,90700.12486271453,89546.7686299167,89276.10951353029,88717.42461868185,88286.54977899275,87730.60596554348,88250.63537717533,88339.38746550442,87688.88272465713,87561.63220726048,87538.02333345707,87609.22279838371,87563.28417417879,87839.08263486112,87769.53353224549,87623.85546192917,87551.74064988528
Cast bronze,3500.886659172855,3731.4120720341734,3803.86674711563,3453.3913309692,3600.810167532676,3905.4133884328403,3775.829910285055,3717.291034702926,3898.61875076949,4092.7230298544077,4247.06816972609,4350.4207323215,4328.0940596681885,4223.848297568508,4119.208353387075,4008.343789272314,3906.7932941962044,3828.171082302617,3754.4772539482187,3690.728460329715,3645.5977142709526,3617.4855503560148,3609.3015485917495,3621.267068334507,3647.910869924557,3685.4878156168675,3730.804426831463,3779.6815681644707,3829.4873312324526,3878.0837584893825,3923.1680032987533
Ceramic tile,126187.11737533651,122130.213344315,118060.70115777258,146974.98336142855,149033.76465024086,156094.16641191609,153724.14454340472,153204.15969399575,157255.23373923026,160385.0113338823,161652.42419298453,162399.05822422446,161755.20139453025,158556.84332585093,154826.23093853964,152071.67310623886,150540.13657705218,148990.0079972307,147670.48547668994,146300.4188528607,146332.37338189664,145948.06808403356,145013.04486366714,144890.36516395689,145029.88266905711,145421.18999776314,145787.11683776943,146689.06536601958,147140.07475453324,147541.67785426043,147978.18755541823
Cladding - other,24271.690442264575,25827.699517041267,26310.304812147333,29871.937893216913,31092.07649705169,33662.77752809862,32488.403159383022,31928.25520601805,33426.65152540256,35029.08101497778,36286.123506749886,37103.75949526699,36848.39351087893,35897.55793394583,34946.566747340665,33946.06133560245,33027.67870629703,32305.892176509566,31628.04358262446,31036.092686664077,30602.404297507233,30312.749506119166,30190.705986972273,30237.243368419666,30405.869084863873,30664.774163147024,30986.959612403887,31337.434014731058,31694.26346263495,32039.743476779204,32354.941439015078
Closed cell spray polyurethane foam,73796.37734066178,76568.1291631672,74499.437830226,82167.29026700655,84574.76490071735,89914.56291004493,87854.18048951973,87101.34355407499,90177.65946481936,93071.73700917097,94951.95605609239,96155.52716301329,95698.33440184793,93617.3523258417,91354.48879691688,89365.3459432062,87860.90529401015,86549.48797185443,85357.64760247829,84248.22443887542,83816.73384782791,83433.62155254143,83020.70595182427,83083.37619226068,83380.12279271505,83859.28338749854,84393.47088966242,85107.84899170704,85692.2131340887,86231.22713693694,86752.30624968467
Coatings - other,48028.59425047879,51036.17969766786,51073.981012085955,53300.36702960309,55079.071708150754,59179.67167124551,57565.26845605097,56919.52026303678,59383.88865027996,61892.90164135618,63774.4472864966,65048.37030355139,64793.19866714671,63359.33111934573,61861.86312569246,60395.75216114955,59164.41660014633,58187.76311986957,57289.788205898905,56493.6108711493,56043.34353947981,55729.29141010881,55587.38813047554,55752.98243771646,56108.56137933322,56615.32592028096,57209.594182725064,57911.42734708658,58573.21416791462,59222.281790015695,59835.76952957409
Cold formed steel framing,895093.8261450746,916518.4935588045,910569.0252270711,1009771.46722158,1029089.1210092551,1091593.2020545946,1067451.904990105,1058909.2371325153,1096311.0261544567,1131121.2054594285,1153775.9735972383,1168823.9168231753,1163919.0890257787,1138822.3261847473,1111427.7882020383,1087387.1144299547,1069838.9691919526,1055119.775905192,1042019.9775961435,1029732.4609398756,1024908.074318363,1019737.856433418,1015083.4179045272,1015903.5345258004,1019345.2729289182,1025176.4065353766,1031939.541659296,1041978.2030397523,1049976.8323117106,1057943.3422097506,1065595.9692862786
Concrete - other,4808520.322695391,4023158.9655863727,3941664.5492721945,5069071.511333011,5158463.534307366,5322400.216780061,5300432.536960488,5323236.548099813,5403938.371903675,5427848.087468032,5381555.097352872,5343423.254781854,5329958.51790402,5247199.638255844,5135900.459513111,5082452.414907749,5082512.148489842,5058168.328438389,5040622.876516082,5013748.002725549,5055760.728470862,5069781.687431172,5029527.388867112,5020627.521317646,5016603.787787015,5016282.707739022,5006204.665792057,5012904.210838138,4998578.952242824,4977897.488298435,4962936.893139613
Copper sheet,39314.455759051714,48979.98636755287,45004.48226748728,40466.54022580391,42203.52259766753,45784.06542178029,44275.09059577143,43598.75812883197,45736.14179027968,48024.50994094467,49847.378213406795,51072.551917428056,50822.60535114442,49610.46908599673,48393.193938206714,47102.27251049296,45920.274695576445,45007.3301766463,44151.96581945594,43413.22600414586,42893.234920764466,42573.3353609709,42487.928086072345,42639.79568572226,42964.68123150003,43418.60260986714,43964.03141086664,44551.76930987252,45150.83608101963,45736.02090747823,46280.14756802351
Cross laminated timber CLT,2526806.288873349,2767073.1844126224,2727436.840886092,2999298.350438918,3047694.621241288,3252560.3452769276,3164163.023732427,3127056.4923058734,3252529.5165822064,3376785.1452421537,3466596.3617914724,3527046.8154617064,3509158.3807190126,3426428.5434885565,3339646.408037951,3256418.4944797447,3189623.9400470937,3137704.0496740136,3090971.677245474,3048623.827860218,3022628.859550854,2998924.916958214,2986380.320234259,2988982.8257886404,3000320.0655437177,3020050.0146733974,3044933.0496134977,3080265.6370558576,3110842.269548049,3142706.387583203,3172399.519856012
Decking,1297595.1275985665,1401313.5262604184,1399159.3703778414,1465177.5799729987,1509173.5284485195,1621272.5112653913,1575325.7971108465,1556194.4771631123,1623796.1221755107,1692870.3713696557,1744893.538846049,1779995.7439016115,1772070.4965677685,1731510.2988502746,1689424.3429588883,1647805.0402687304,1612639.8944478224,1585062.7476301019,1559744.186947511,1537293.7853067175,1523605.4049271394,1513532.5473146443,1509101.2995783833,1512834.1651219868,1521697.9489177084,1534795.1088939179,1550497.7946257973,1569527.7808658895,1587374.4304646016,1605132.2613259342,1621792.830920403
Doors and frames - other,55230.929304096506,52319.6772722752,52051.08386050607,61307.02577094918,62254.66118282745,65315.16426254927,64297.241393297736,64069.344730426325,65841.24205396269,67253.85793461252,67892.64510814723,68287.91650332301,68036.93171988221,66701.3488641122,65150.50345303951,63986.1146685653,63318.379365708315,62658.63136714725,62094.20877569349,61516.10026104763,61514.75672677712,61358.820989685686,60996.06729467881,60975.05124663966,61070.82463524286,61276.38863743597,61478.030184592484,61897.828608326956,62137.82267725475,62357.27385691842,62588.425187775705
EPDM,23175.07376846413,25684.61045750052,25468.695900626513,25944.742847443198,26743.916566762393,28817.670722169754,27983.05328491025,27637.69261069968,28908.82292669726,30227.404752610146,31248.801763708234,31950.248867440023,31830.44222067759,31113.553809069293,30375.692249388987,29626.651207465962,28982.516846136507,28490.37643928692,28038.377311083128,27642.935756554543,27389.77867701757,27212.835103370566,27162.745962048622,27257.693836568884,27448.950283533904,27720.58695045977,28046.241934974696,28432.23825862321,28802.441827555103,29174.403209195407,29523.73461855636
Expanded polystyrene EPS,126703.49105053031,121812.77701858385,122298.90085097116,140158.0379693795,144182.78886690055,152729.18847706757,149782.65936274925,148913.83278522248,153843.50357877047,158280.63703447193,160956.90655149432,162688.55094897654,162106.4593232044,158861.27531777768,155223.85883643606,152221.99491262034,150143.32015250588,148237.58465846677,146529.7255650039,144901.24962699856,144557.6501818286,144174.09408757437,143517.77564915075,143696.1785500815,144244.59614202377,145080.21136697812,145959.4644706801,147170.76570005403,148110.02495253267,148955.80159183533,149801.1203049312
Extruded polystyrene XPS,129422.66932272293,127051.9486676422,124983.58086261971,145715.13074072913,149422.1044315482,157971.77862722488,154920.1477802319,153987.7498563236,158893.3614800579,163231.68851350716,165741.07441457736,167329.11093895792,166641.00039053586,163222.35880173885,159387.89409924316,156250.31068739592,154109.18580484635,152134.22986211785,150371.85734174098,148675.20857279876,148299.66978855588,147824.51136174693,147049.1002897424,147120.1155340203,147551.67950465853,148273.28129410013,149032.49091812654,150170.56580123815,150999.17329493386,151743.4581674216,152489.05011691677
Extrusion,468624.3786134855,463865.9452058514,463012.8286948786,509889.8330012006,524132.6716184381,556248.9340458245,544962.2495884302,541452.4556697304,560255.4627917685,577575.5470471362,588574.7035040979,595836.7707170534,593779.0550153898,581766.7922545903,568441.9947664759,557124.8265018637,549040.6895157532,541892.1999524595,535479.0170518296,529441.2382427566,527808.9400718361,526176.6750588844,524018.3329971637,524858.476999402,527099.2238467714,530459.7462663648,534103.1411499598,539012.5462559607,542989.6575558671,546700.863858705,550352.4951408664
Fasteners,10763.950877375042,9230.712284794026,9382.671414725299,12263.631971852963,12429.29001317132,12920.419830848248,12787.498075041454,12787.020531214992,13055.224969370294,13217.967008318714,13219.349306751083,13207.556249160865,13161.14073668019,12922.440027781171,12628.228288633805,12442.181859344484,12371.873871830347,12274.899114686796,12196.309789156048,12104.732488487718,12150.507874424611,12144.313525767495,12055.197185672336,12036.327521455345,12033.889021088282,12047.057221414507,12048.711619818225,12095.42160676917,12097.407469534799,12091.281000401303,12092.799258753856
Fiberglass blanket,303110.96541093965,285111.8092596571,282251.5581643677,330208.735381153,336975.62519360776,353770.7875663785,348649.5523636646,347756.7314539547,357381.8081492443,365028.44513407483,368446.26811583224,370576.23603863764,369446.3906092717,362536.9086056926,354414.1752896325,348469.37668393337,345176.5734017816,341763.2710568678,338832.9309418543,335820.01198349136,336135.7387722696,335691.217449836,333873.04618249764,333984.8068604302,334760.9792685176,336105.04211397097,337369.39182640845,339674.02078878944,341049.7705642148,342228.8715683253,343504.3694268055
Fiberglass door,65112.01161375513,59250.088259753844,56776.16177419581,69817.08243522313,70515.33018768817,72941.75110355095,72472.10236993615,72670.1577837429,73996.81067407412,74621.28003909213,74315.69197633675,74055.21836253902,73876.95446928323,72660.16722351452,71085.8196868829,70215.13018685002,70062.58976310442,69685.58514545397,69413.31595282964,69032.29775670692,69482.49675505969,69556.49074954921,69058.31361615559,68963.07132020334,68939.8196625681,68993.85135801841,68959.50836211279,69211.62926090951,69175.0126048264,69092.72410214,69067.74308266245
Fiberglass framed window,296060.34290809167,279327.93989908736,271297.380728627,323065.2216666616,329518.1973823771,345034.56434613233,340253.9502556315,339459.42513200175,348108.9822156639,354599.4149705011,356901.7798716855,358156.6670876717,356845.8494485159,350081.6198305059,342066.03240290954,336386.20435796265,333398.249567669,330104.83054250845,327281.67391883925,324317.4668376482,324749.67080351117,324313.0076811268,322245.45456257113,322063.7615637583,322476.52761383395,323388.21819270746,324138.71039308823,325889.1595581273,326678.2394263041,327238.3326952476,327927.04757289635
Flooring and tile - other,31852.02024877235,35639.10543560887,34374.96295685517,40764.65482423381,41057.34869674433,43614.92066633036,42514.89255245318,42071.722591032725,43672.32391762164,45211.525075362166,46286.026421617884,47019.44401871948,46796.725311998154,45710.45251494963,44555.32971710962,43478.70932962059,42659.09824140292,42028.93426848283,41473.679388971555,40961.502779016206,40664.31572172079,40346.748399325465,40168.7923619258,40185.87729019853,40306.12802353301,40538.68231533629,40838.86126943943,41316.91122413057,41707.221138604255,42128.259729215395,42521.95331585126
GFRC general,3067750.07695015,2485021.152803516,2436454.371077507,3227178.14576227,3289883.684034258,3385321.3903438924,3377807.520324576,3396656.2798900018,3440530.2522546523,3445292.0323368055,3404506.75689655,3371839.7929229555,3363643.5157139013,3313801.5497524347,3244595.0950574195,3215198.246016503,3221052.0305716502,3208288.9384535304,3199664.8632709933,3184253.164349337,3215512.531628724,3227628.623897958,3200524.4272869015,3193891.6723306123,3189920.7493281206,3187615.388534385,3177894.454537133,3178224.4692323375,3164660.726624147,3146277.242933348,3132122.7270273464
GFRC panel,15153.951491112566,17591.26557146384,16592.86704631369,16587.72382153588,16537.500281565815,17494.47676725607,17111.018291548007,16976.555350759103,17606.326813080355,18193.38909242427,18594.325952328832,18882.463994694175,18823.521978326822,18415.321537437172,17972.0638972307,17571.80365003918,17291.4602714193,17085.0923713965,16911.11460727748,16747.13103021583,16665.473559022823,16551.856956759588,16494.711164411878,16513.013756838303,16567.541385957447,16668.960631039736,16798.99032303375,17020.83300496892,17196.357232661154,17392.001609549396,17577.033970587312
Glass mat gypsum board,1620880.694087625,1602537.8304128551,1579250.5185427829,1797514.6306574922,1841751.2019093751,1947636.9596359322,1909473.6494584312,1897595.406823148,1958640.6284627784,2012904.4794407147,2044705.8434794382,2064953.280870005,2056419.4090468315,2013981.9869992686,1966516.618657812,1927393.3416249978,1900509.1770640514,1875980.8306248714,1854106.058477152,1833097.110903781,1828058.9808919695,1821817.7269001594,1812350.6782026624,1813239.892756043,1818585.6090247938,1827576.6604679092,1837153.9619616785,1851551.4149647052,1862132.9281729413,1871786.9675537576,1881397.3221846677
Glazing - other,289678.956243653,310918.5204826716,309741.07514916995,325473.6732730983,334703.2013677281,358715.70581082563,348693.50862036424,344490.7782549314,358828.9570082035,373298.675938752,383949.88845560147,391037.92595456453,389091.0741808964,380056.24668183876,370631.4198419484,361476.1818230695,353852.3890350243,347779.9006808226,342213.63543162256,337229.15331131266,334268.83229380194,331975.7861377288,330735.48279966216,331289.02018020296,332924.9769321603,335458.0256339698,338509.7792202547,342322.43635944807,345812.9974992823,349272.69353183126,352512.4798135728
Glue laminated timber GLT,791417.6487343449,876790.055989101,863159.2581966829,936725.8978535179,973402.177787041,1050732.359639651,1016524.2098073027,1000794.5132305005,1045901.9933191517,1093333.0634886145,1129802.5091640495,1153577.4653344238,1146315.3637217507,1117795.2817899862,1088882.525248182,1059249.2441680245,1032712.7518615503,1011620.6140347867,991896.1854179715,974550.3649545035,962694.7768074325,954662.8956163432,950875.5747263798,952428.0283153065,957621.7968442147,965525.083452535,975176.9481398959,985921.4839792469,996573.6627707095,1006836.1281634019,1016285.6553283846
Gypsum board,18866403.510178603,16395502.178045437,16072954.428699154,20213603.197365697,20531574.88955248,21264392.802949104,21118383.598531432,21169892.456440926,21555034.02675154,21739409.197343256,21650768.448369935,21568704.27038013,21509391.709228963,21153131.861887023,20693493.455957454,20439041.48967774,20387141.296047803,20263815.228049207,20169072.153273646,20044665.75306136,20171760.02406395,20199692.488348603,20050121.73453022,20021515.473772436,20016356.784452483,20031626.412244152,20017938.606303096,20075204.394020807,20053510.794027433,20012450.66460403,19989275.730613913
HDPE,15316.465473172459,17208.071244444654,17062.564618735854,18610.629378681282,19374.858550018515,20981.179905642886,20253.480585268004,19908.47602012355,20847.17818053242,21851.175338646346,22640.099749906276,23155.14631729521,23000.6520275656,22411.901822174546,21822.813508485582,21202.558409386023,20633.352262731645,20186.755833553787,19767.4381256954,19401.64471845733,19134.657773444866,18957.640058418816,18885.40036842651,18918.611994050527,19028.245994002213,19194.44512285349,19400.339553358062,19624.043930548338,19851.83351394135,20072.61770882125,20274.52969344001
Hardwood,223918.0329056494,218941.52344626904,224060.90009136926,268681.2353608015,268387.3925515756,281866.78551243246,276601.53696592804,274965.58689704695,283444.4257662284,290651.8481000409,294689.2571940336,297457.75766310806,296281.33527254884,289955.6319290454,282858.7361068419,277021.468070796,273363.65994072886,270346.21084672806,267829.04466158384,265313.260007107,264606.8338687219,263101.57310474,261660.2978688384,261495.6709289679,261806.0133495354,262732.03757785965,263890.21191091527,266435.3096361805,268117.28415714356,269993.08796284266,271801.44818554627
Heavy timber framing,379020.6036898222,346562.8854522634,331281.61991556967,407317.2819568756,416510.55049619667,433707.3154837415,429448.8357011095,429646.1216500305,438685.18101142696,444235.5838625263,444303.306450148,443830.4111425595,442373.9082100872,434649.1839157108,425034.59821941843,419122.7022395667,416931.864675579,413590.63064001774,410799.63254600845,407604.4026023896,409374.00133067206,409668.65773512365,406759.10792577395,406346.520838515,406563.40650843375,407243.8888003719,407428.9953457804,408766.2596401743,408742.325556014,408257.5741296244,408080.8365605059
Hollow structural sections HSS,1484143.816656199,1532524.1689926197,1542229.392040995,1711778.4596397744,1766340.3078572177,1891212.6074880252,1839919.5435554776,1818786.9692472634,1892065.5985900434,1965291.335629608,2018049.7235279982,2052651.0653342907,2042189.072626262,1995299.8428500728,1946028.9014366032,1899079.0336973239,1860316.24823321,1828593.205182356,1799413.847845193,1773123.740016244,1758689.2854035022,1747760.1198370294,1740591.289690456,1743162.8940712456,1751399.1605832116,1764081.5250505882,1779020.9957694493,1797326.2019825068,1813969.9203782424,1829998.2862294894,1845086.5572301664
Hot-rolled sections,3929581.6652085576,4285408.849653132,4278655.383470081,4451293.595782843,4611324.739752124,4973984.058404961,4820478.519839214,4753026.573442944,4969085.505562052,5194832.014986098,5368892.17604917,5485073.255197114,5457008.670911383,5327392.02130216,5195068.090371372,5060125.525762526,4941325.658008977,4848260.554459568,4761825.522075534,4685970.602551651,4635763.882840881,4601561.8961191345,4587873.923486587,4599459.973529045,4628046.716127609,4669878.184672109,4720359.314503303,4778134.719940635,4834515.092132029,4889879.462358673,4941417.432534203
Insulated glass unit IGU,964651.9510781482,929147.96711311,916371.3153336125,1064782.6645284877,1089483.8461707311,1147748.0135413515,1127703.2010552387,1122298.5966560359,1155400.9313066988,1183282.2936428918,1197646.4035419784,1206461.5952353624,1201585.3901003525,1177478.2707379775,1149950.9566800366,1128449.6396723308,1114809.1731285302,1101599.835311967,1089948.0074952012,1078435.7111445777,1077100.7092387485,1074252.3372530052,1068088.9787185004,1068102.7060710993,1070496.1017249965,1074834.8616096962,1079160.096006565,1086458.8000972425,1091160.6095473533,1095206.1250804523,1099406.1824065815
Insulated metal panel IMP,168153.4249016169,176700.32254797593,180833.65050384973,189391.26918750157,195717.44710471507,210853.03404174582,205021.02363390426,202718.60069594154,211986.7521327877,221551.352941337,228922.6498714377,234011.45344580695,233278.4801875811,228221.99259215302,222976.68127872728,217713.2995214756,213229.8763868884,209774.4043487395,206601.07380208914,203824.35050331647,202180.9623247684,201089.06058158333,200800.59513560598,201605.0346908574,203118.7606297015,205209.33801455746,207667.921784662,210534.82961961202,213287.5135010253,216024.9606439865,218613.61818908388
Insulation - other,20115.448080168466,21155.4661953441,21943.745474685747,21379.37812288059,22233.913759304618,24075.678277935916,23278.322648486486,22914.92793205053,24009.018139943975,25174.42568268139,26093.708551079733,26705.924641271147,26558.888270359286,25909.976190425947,25257.1516619391,24571.19331548014,23947.915927148875,23463.975884055537,23011.340623502812,22617.869968957737,22338.680837617663,22157.092295821112,22095.496275775567,22156.2086302051,22304.70029626993,22519.70128657018,22781.372283597313,23069.298361160578,23359.453925589525,23643.576466132316,23906.362252741226
Intumescent,49918.35914927369,53052.63322502507,54139.173505872954,60195.37943055333,62604.151830491304,67629.64940833769,65391.185557596014,64352.64890334728,67279.85673458225,70370.80609134545,72758.35717111011,74312.65015564355,73833.7930210081,71981.55618465085,70109.7561771825,68179.76278632198,66439.80973570852,65058.72347542609,63765.23539572004,62629.6492365447,61841.79336336517,61312.1910901087,61067.337191965526,61165.93187398068,61501.929182416156,62013.3830049262,62639.861138235254,63330.65281032683,64020.90491940449,64685.11616906284,65295.38553803951
Laminated strand lumber LSL,544106.6329978968,451807.23253705585,442329.5821440345,578194.1704885821,588712.9821446778,607238.5325954374,604804.3744582443,607440.9234004994,616435.6516473246,618890.9173574484,613311.7433146657,608712.1946263583,607118.5717422426,597691.0228928841,584986.0069547391,578948.5078909805,579028.9432215361,576246.4365498644,574232.7864576543,571141.0317538936,575986.4123589243,577629.4634364796,572955.3054958862,571872.7958734359,571338.8896262133,571205.3551165855,569923.7253808226,570515.2899549017,568706.5782824426,566143.0129281171,564247.0949767426
Laminated veneer lumber LVL,459653.3384840654,435570.56986110343,437309.06410655705,515824.55458168016,531563.410006472,562371.0957923299,551109.2600638316,547457.9499838903,564622.3882360009,579826.8709871145,588462.4720533649,593673.5706361495,590822.1262197574,578434.4554216336,564593.7598810792,553260.9487110521,545325.5736914362,537824.8540606567,531039.1963962917,524532.8988539244,522948.60053555993,521242.94059476483,518182.84304020985,518201.511933865,519543.5334932211,521850.97012365377,524199.3155562802,527588.2323174789,529990.1625944411,531942.2262704743,533928.4211839866
Loose-fill cellulose,177765.93313204218,153210.5480030925,151846.73873008683,184945.57094512077,188423.22791267198,195467.56786372338,194048.53443792666,194487.11815640848,198188.43606386095,200111.9573987479,199531.41277158968,198937.22306201787,198414.11049219035,195146.59402928257,190946.62635753007,188587.18904296402,188036.23873857057,186842.02099519072,185901.6808714389,184710.7224550837,185841.31646968488,186135.30771842663,184812.27419760218,184617.00849871666,184660.51091476373,184894.7111492096,184866.7230101111,185437.95657168346,185318.9326693201,185002.73615945177,184848.85553865985
Masonry - other,2336357.088823389,2882095.849777439,2660257.561392386,2406363.1065631784,2509409.659937555,2722042.9031965854,2632071.529147336,2591611.1814704123,2718395.81913673,2854128.3661121186,2962171.573024906,3034678.6260045525,3019529.2046404416,2947220.716825173,2874620.6591811986,2797659.8652648297,2727182.477067267,2672695.915304208,2621638.501043576,2577514.8201830112,2546385.6702221637,2527139.599886446,2521814.8475972493,2530572.3746405016,2549594.8565317425,2576269.4035819573,2608367.103640411,2642967.812251658,2678233.0763447913,2712667.2085493035,2744658.924119657
Medium density fiberboard MDF,178461.55545199907,153561.7691552396,150562.32655267714,190963.68514839452,195619.4870184975,203220.14317956578,201560.0360288736,201877.46267841262,205718.00330258755,207767.7138621651,207200.51651469222,206531.65457495747,205863.9371974084,202389.36175807414,197965.84996442607,195436.00346895953,194711.3222421361,193282.43648468057,192100.9240231691,190685.7694202372,191750.47153551958,192057.25593134633,190611.2667328082,190364.13495511183,190389.49610653246,190594.83100459885,190503.03030785994,190913.7322190917,190660.96280311214,190149.08100784785,189812.95514553043
Mineral wool high density,616751.104476116,602725.1737427375,594819.308074642,695010.3604501871,705223.3600315233,741552.2692105352,728753.6559776106,725307.9650017286,746627.2123589048,764397.2754671406,773524.7702597363,779348.1284237389,776316.3683016659,760590.0870228782,742638.7196415265,728557.1238097271,719873.2640806107,711788.4018732538,704810.772251313,697835.9307768978,696953.4509256951,694594.3858694291,690647.8783372892,690499.1272084271,691758.4231101951,694368.9267422187,697125.5487624477,702404.6359467369,705755.1984942814,708977.8752760345,712236.3849068149
Mineral wool low density,159884.8530620619,172960.09700844978,168286.5040324015,180984.45231455093,183970.74036895187,195586.9765747838,190891.64450407383,189103.01532073898,196172.89399827705,202931.8005897871,207561.68041752643,210678.29081453974,209753.1874402395,205078.34234363175,200057.9523043732,195478.1530908994,192004.8409504657,189211.69240870705,186721.73012255103,184421.11468767375,183291.89549071947,182159.39632525505,181382.78838986115,181551.7261130251,182208.82295451092,183331.45783841048,184688.10914620053,186678.22297439806,188324.00353845902,190012.38024192757,191611.30350861853
Modified bitumen,188033.46139482455,166325.73243939824,165414.14352768584,211565.12568177865,216378.66099519248,226082.0050680864,223207.17235222732,222840.60094820563,228030.30840247814,231648.77511611494,232466.44798310153,232736.56843354402,231805.97163021797,227461.15838227177,222237.23465944597,218710.66752720953,216995.98777115723,214896.30225800592,213090.808606986,211152.92929081968,211617.84008933674,211468.35399348353,209962.133545645,209724.25298754283,209854.2078422706,210263.4586379776,210488.9316905362,211297.59660957314,211461.25228491513,211414.65456166473,211487.37274612978
Mortar and grout,2548568.511829092,2404313.87257325,2420476.9663728955,2879338.0791225396,2957571.1471713604,3125288.3544092136,3064341.6147118732,3045148.1771171205,3139592.991803531,3222383.245998886,3268706.552298774,3296978.0212195916,3281771.72503081,3213406.3603871507,3136726.278295232,3074398.7523436546,3031716.6158830575,2991544.8134439737,2955492.9330530004,2920697.536020932,2912845.933492495,2903214.0715360986,2886337.4628886767,2886333.718913052,2893404.955525025,2905926.42244758,2918784.4357225886,2938435.0798264565,2952071.58875072,2963628.9052801477,2975354.551394862
Open web joists,1091134.0472886378,1202499.4782498714,1208230.50475557,1170328.0933949398,1221605.8783866954,1326281.8760361506,1283916.8202257436,1265589.765493056,1328741.664363301,1396335.546626485,1450489.3691121151,1487391.0605437546,1481503.0181685104,1447549.796420999,1413356.0955649253,1376995.2672802652,1343785.4013926925,1318347.4046139757,1294547.0670850025,1274102.357374281,1260075.6792346772,1251858.3091136597,1250457.8200014657,1256041.9584975156,1266719.8875468315,1281211.3768883494,1298410.9175164613,1316899.66981264,1335732.8086239162,1354180.8646860644,1371448.7010814927
Oriented strand board OSB,1162306.3066300615,1023841.0544150233,1012438.8184268941,1233097.786051904,1262381.6336807162,1316005.5584176274,1303766.2208425587,1305114.9079632377,1333926.6637346623,1352397.5595076387,1354301.0597484568,1354408.5492386548,1351012.9115352922,1328360.3016808287,1299969.5910365544,1282628.8488355028,1276457.1789742114,1266891.9848080329,1258966.105759926,1249856.742458543,1255801.9881926768,1257437.4481990845,1249531.9114894455,1249294.2133016442,1251076.4567431512,1254347.0340645313,1256199.7877573627,1261532.8291046587,1262818.548318771,1262712.9092492792,1263528.092810681
Other,175625.0780011417,174934.09028148808,173463.0866010723,193205.77259874463,198913.06348234357,211095.91292516538,206597.8236146904,205076.10348216025,212065.97504549933,218505.10994584818,222534.3360381914,225106.85861121534,224128.0005392486,219412.53979804774,214215.91784955136,209779.63975776618,206542.62894220673,203646.69980932295,201026.49818557233,198560.86633418058,197786.04670187132,197051.8370214742,196083.4393780811,196251.10165949108,196950.0429015944,198057.67403465093,199255.54419183888,200879.43684391637,202168.04195786922,203332.01688730074,204475.41427214976
PVC,29769.421177307435,32438.229939836394,32516.348380282376,33883.623419136995,34522.09191942315,36983.00309838761,35995.87139536213,35604.90248648144,37149.254787518985,38707.706557123645,39882.062913946036,40700.24627044095,40560.59184130654,39660.151861364546,38718.1713185727,37793.20855572722,37041.39147415252,36475.69045522422,35967.3848705229,35515.35299117482,35239.43678990949,35007.302160164196,34929.760019010595,35029.024981052506,35236.88407434842,35547.7449227241,35926.791169288554,36423.7765648004,36875.01810780491,37343.25052851155,37783.9108909787
Paint,230664.72222908144,207314.92291994364,203878.02402053823,247932.62160514604,252728.87024081146,263383.22401116847,260672.4318753723,260723.15524196014,266532.42477291723,270309.63397343294,270800.656801702,270898.3241440593,270093.86897765053,265358.2810188545,259509.32539052385,255801.26221843902,254346.74253985146,252334.00509150972,250671.25088493185,248781.0824954496,249759.0048330324,249831.92857479636,248183.12149677123,248017.4836752226,248239.43142708248,248781.46895519295,249084.7082787982,250179.86188394588,250439.05835859073,250479.10704002873,250679.36377946872
Parallel strand lumber PSL,43537.00215847269,45622.28741126903,47808.765644602034,49907.56405864192,51974.519712868976,56302.52634964903,54368.015221251735,53459.813601436304,55999.205248924976,58715.68705325569,60855.80646415726,62260.87654312147,61865.93711160117,60302.27917044447,58736.65111833632,57086.04185532927,55571.80586611453,54386.875881533706,53274.653741619055,52305.96873136618,51603.084341611124,51142.415276004096,50964.16744683369,51070.43364912862,51383.09894048446,51848.72929350961,52421.88063180582,53043.510423560176,53676.54726547998,54291.00751282311,54854.76805422788
Plate,618633.4041404832,638450.3884843062,641823.0825789166,706499.4579227477,701023.76240506,736790.139088681,723127.5917917592,719073.3594732771,742749.2712155008,763354.7157750218,775876.9051226197,784993.1264594877,782719.4488157636,766379.1533993704,748103.845629259,732727.698914889,723154.7670460367,715863.5770303229,709965.3903359792,704090.578623819,702270.7304061607,698134.4123248546,695173.8229039089,695397.2598283734,696857.9001104699,700126.7903558181,704300.7127505869,712684.9201527328,718686.0421464618,725530.2513904026,732083.2131198818
Polyisocyanurate PIR,351570.953689366,360066.56360223005,354588.5456367338,390595.6277561121,403552.292428607,430375.5838413607,420403.18413397064,416845.3912398947,432478.5158158372,447520.504851558,457762.0175533446,464498.23814187606,462646.581110543,452868.07001883665,442283.0394117725,432790.77085363516,425443.75816943066,419147.1169755181,413399.86295986647,408125.4608927386,406048.9981413248,404440.0699660299,402878.6971433471,403641.94050945516,405616.72752017307,408510.5701423452,411728.8975840079,415708.48024812655,419176.75408434175,422407.8317204581,425531.73119215196
Precast,6017131.366171138,6627511.0581350755,6624553.7692272,6476141.061218047,6727928.196962835,7280815.91645458,7070505.539185422,6986697.017191785,7326320.254331863,7683569.102293188,7966351.126232792,8162774.82269667,8140785.4217357775,7965984.458457962,7786824.991624789,7601174.927090689,7437757.667605446,7313530.115044246,7198574.877330729,7099541.293010145,7037809.93963486,7001394.3158182185,6998049.568810539,7033203.366760446,7094945.204783142,7177560.088962933,7274356.059207097,7382374.622464646,7489341.764543455,7595243.46237521,7695346.06304998
Raised access floor system,162234.8564164512,166379.6815792814,176629.7505402659,181551.9613350248,189093.54566707212,204863.97673523118,197848.4641496376,194566.52259930945,203832.7299398032,213745.75199071364,221562.66277390457,226704.90888113124,225293.3685594007,219624.9351105474,213947.99347929904,207960.12663347396,202467.70205646253,198173.90033526364,194144.03912595252,190636.3651217415,188096.71624126588,186439.45334286394,185811.4727543566,186220.76736027503,187382.8363667525,189103.0518438848,191215.84896261911,193505.9788846668,195838.23980314535,198103.24675992093,200183.74328424828
Ready mix LW 3000,7954518.721211833,7314269.98639635,7211153.1047290005,8545212.626090344,8754060.525815343,9169753.976121176,9046467.942352526,9028472.566029187,9255419.11413497,9424359.307541357,9480992.742665995,9509860.634031229,9475525.605447803,9299057.133804109,9088666.16547915,8942169.604472283,8866048.911085028,8778180.141010074,8702095.850380411,8622268.237485535,8637182.63676228,8631147.944949985,8575908.54896552,8572287.660771959,8585024.142205574,8610135.691565974,8629418.80659722,8671481.84308255,8689163.61406116,8698612.399038803,8712189.970683526
Ready mix LW 4000,13316262.793432001,14229890.934371728,13973247.602438956,14155233.087546749,14679859.747397289,15761275.092471506,15374300.728343954,15237193.28158385,15888628.764566941,16543524.130878765,17028798.163171746,17362330.973897763,17317219.179910813,16963998.66437225,16588347.382580914,16230703.365185313,15938738.197234796,15702983.74621688,15486807.029271645,15294764.098735105,15207094.42637668,15152810.99507968,15127483.982097741,15188183.477999365,15299711.465582233,15450181.756524537,15620425.520525083,15816630.027844682,16001402.107854038,16179666.311733048,16350781.006840225
Ready mix LW 5000,13956714.352481155,12365662.536488341,12188966.229656681,15257502.642198402,15394739.386104178,15954256.17540723,15823854.311100338,15847263.532624524,16158563.05723413,16326591.618645266,16293972.45957838,16260453.978734469,16214814.52291197,15934755.834438939,15581043.260177093,15370988.830821779,15313357.30825344,15216934.433506448,15144024.669281747,15050487.28463179,15129284.580373393,15131092.360659305,15023074.51706448,15001211.48114519,14996480.881190456,15010599.948843736,15009113.86798193,15071302.063761784,15072429.350633986,15065745.97008579,15069611.1380057
Ready mix NW 2500,4360310.551882771,5192042.765787127,4947575.211986961,5014459.321516316,5213070.553139352,5642691.037131385,5453404.916129612,5365937.701108717,5619833.598203366,5890247.439760428,6102876.275739319,6243497.969189353,6206505.973436068,6052319.017502957,5897363.176597783,5734784.843961662,5586937.814347713,5471715.677664422,5363887.010956525,5269951.092107147,5202724.421715923,5158323.210527155,5141886.855882494,5153927.725738168,5186384.902563811,5234277.937863422,5292978.797916821,5357702.375219221,5422915.06591668,5486667.727028963,5545424.682732704
Ready mix NW 3000,13826689.153185928,14232207.114809273,14345233.483091887,15883830.262310643,16117607.815458588,17113975.63880791,16721314.2456497,16578280.562000677,17189527.728288718,17767563.61685157,18158667.812157292,18424620.911893092,18351379.686267987,17951281.62566383,17518374.489135645,17128769.1957335,16840331.842227373,16608424.346773239,16403329.023800194,16212623.952763895,16126086.4575443,16033438.601466186,15968159.6999293,15985613.590213165,16044476.059310209,16143946.568117615,16263246.085288577,16441594.950961202,16587188.651522988,16737433.944141869,16880423.028074186
Ready mix NW 4000,43343302.36218527,45938819.42270432,45653202.39563885,47291244.6374003,48984654.38958904,52604342.01912215,51219487.04597573,50683793.219611146,52845336.479346,55032084.22851178,56655322.541069984,57752770.58711643,57541386.80579743,56297467.21190266,54989194.037784435,53726177.09722003,52675082.955383606,51828415.74089425,51049096.99228062,50356119.73635732,49993776.419910684,49750822.84288758,49627378.36808992,49783840.85790045,50109071.608229615,50564417.83686864,51089344.53947578,51699869.55227688,52274947.06182866,52830912.67896689,53359542.27566576
Ready mix NW 5000,36205520.72928536,34922970.447761685,34762041.294738755,40107286.36121498,40876556.292718604,43058540.95016605,42301167.06451703,42095561.00014497,43363569.62110155,44439753.67581143,45013871.04584119,45379446.22537942,45206897.46320152,44298183.94506806,43263499.71208283,42445876.3490409,41928002.853557125,41442809.9027161,41018955.891516,40600280.44122533,40543754.451915085,40421384.11413548,40201805.17636652,40208258.35831374,40302369.5299007,40474228.109680265,40653200.17182678,40961232.42481013,41166930.59106308,41357827.632927276,41551333.0719572
Ready mix NW 6000,37991836.17855702,37567625.74193384,37130831.94685821,42528953.93663101,43232491.21999739,45566883.110145725,44719905.972141415,44468024.8081352,45840282.52930298,47023492.572597414,47681094.46618508,48104557.2829432,47909927.211021215,46921025.754439816,45806150.04722978,44904158.523934774,44316497.57555783,43784761.80879934,43320446.60588084,42865493.7100487,42771292.89941102,42608694.58550455,42375961.86118557,42376180.82679421,42469339.14799918,42649115.617250815,42844552.2757579,43186793.430075236,43420444.70753281,43646208.84379994,43870574.558902934
Ready mix NW 8000,9734767.981523946,9414295.35444918,9657640.284817845,11039644.955784744,11044436.583518561,11593599.368936524,11390438.54259238,11333759.217041725,11678869.54108945,11968546.266919853,12126857.246262195,12236494.430313196,12194223.775302697,11942530.894527782,11657279.176808314,11427352.2546179,11288202.129816782,11171244.235363945,11074410.072967466,10976593.14144865,10957469.221184334,10904424.442357033,10847896.267504498,10845184.022733122,10861956.233332518,10903450.93001108,10953126.699758641,11058773.997845352,11128610.074354142,11205261.188642554,11279951.69311582
Ready mix unknown,74734029.46925354,72263538.53004624,71929276.3445053,81819683.0986979,83454127.31261696,87963605.1206994,86477794.50462687,86116292.150015,88767556.33479959,91031663.98861274,92272234.59759627,93088029.79429908,92799374.58226767,90997978.81890932,88935323.62312856,87313778.33586161,86303008.12902339,85357785.9371332,84536183.02225527,83724653.28700054,83657664.04205877,83458878.10202208,83062173.37460056,83133068.6309107,83387546.84060575,83804397.63431351,84238400.23981161,84937301.61897445,85428978.35466681,85890528.51171072,86357943.87856224
Rebar and reinforcement,8550615.09376136,8341058.9358445555,8285167.685288936,9532793.998732686,9703531.441450622,10226133.690465728,10042484.071435932,9991137.562991299,10297617.010654204,10560339.610615248,10704577.098801592,10797719.61817753,10757060.474847272,10539471.542405339,10292740.475164812,10095467.671603378,9969013.74364957,9852880.396024007,9751577.119313423,9651952.152867295,9635723.734398251,9604055.213953316,9553299.87567571,9555621.97434873,9578899.823947076,9621269.70471778,9666391.783334294,9743470.844355157,9796245.480316758,9846464.670088785,9896813.275437484
Resilient flooring rubber,3867.641401492664,4595.335661752905,4369.950355958724,4147.30647643701,4322.425233636617,4685.999872335647,4528.518908399452,4456.350805082633,4671.683868480187,4902.140186078312,5084.802220802043,5206.289232536297,5177.337405797917,5050.464916427817,4923.234354771365,4788.681419838264,4665.370368827132,4569.537287898562,4479.670861475177,4401.745828327227,4346.0867389317,4310.759403825495,4299.2039976831165,4311.6541720097375,4341.568170101348,4384.469485754673,4436.544352364783,4492.813341498418,4550.145382383966,4605.999096441219,4657.642866847749
Resilient flooring vinyl,264423.85356253845,223171.59011574968,218226.948345321,284730.352863453,287310.32016158686,295546.1983887966,294662.45674242004,296141.657968162,300380.39876083063,301285.89044074994,298305.58123073354,296008.4644435849,295374.4700559933,290846.18164849613,284681.65996251896,281820.4648017872,282117.0840975989,281098.2183921514,280495.49166017043,279305.0783879519,281820.18303166714,282508.66564083414,280276.3565454926,279719.10281954275,279361.60000256164,279231.8373346271,278591.6090240789,279137.92584373814,278385.5028384077,277389.1404785203,276701.8168576252
Roll formed metal panel aluminum,88882.59535225376,81871.17714770447,81169.1951792434,93473.07315588114,95684.09635306367,100328.09022713586,99131.23499975426,99078.36782153309,101726.57958004223,103750.25479995029,104555.62863578237,105066.53902582203,104857.89181782352,103056.96596304563,100876.30149028328,99382.85936482335,98665.84014647847,97834.86835466657,97132.7754992972,96386.43021784152,96665.0431823667,96704.07642439214,96235.95821468886,96339.0772683567,96628.33391505483,97066.86652391125,97456.38475765432,98122.88500205807,98518.34789205265,98836.8927324145,99198.48952006314
Roll formed metal panel steel,209590.85167287712,189207.941178256,188693.06132249365,228740.1373216277,234544.96491590195,245909.28430873522,242691.0082214235,242308.73293865865,248598.33484261867,253370.81437233492,255142.11180960527,256142.92231316547,255365.93765552854,250741.9727962755,245209.2939564577,241360.74008811684,239380.15009381366,237100.92580908176,235133.47654788787,233072.9971854084,233549.9727599885,233491.47724256397,232142.96759312964,232191.65511788742,232695.499860865,233543.38716037205,234248.1089730885,235560.7321971889,236232.63766665137,236684.94348111036,237245.66746441525
Roofing and waterproofing - other,39556.91438845424,38646.430762593634,38352.85060958107,47704.44203689497,49115.30258388788,52110.23637581406,50926.25373802026,50485.748794321335,52171.52606979548,53725.78910035596,54684.019786023,55271.52510374333,54968.09688632439,53748.71428975896,52417.09971412516,51269.08981161241,50411.876448078845,49642.69538857059,48942.29925081192,48283.55662525268,48037.794041618545,47808.90458676504,47524.80472529445,47517.079266276145,47638.9884681791,47858.84128575098,48099.25938270049,48437.39009057531,48695.469207161856,48920.64103734009,49139.82205869521
Softwood framing,2506763.8312290525,2175471.3657709723,2122583.717548381,2665349.9105111556,2726153.5125605385,2830289.195262092,2808818.0545371915,2814496.3827609676,2867726.6839611726,2895539.7295379136,2886909.385770487,2877501.571584816,2869107.48548955,2821555.729615408,2760580.2253892203,2726294.4694025656,2717583.3413541666,2698980.29834764,2683876.48635159,2665325.580705302,2681252.7792786453,2686017.076452457,2666336.3289905647,2663300.290587909,2663934.9583621123,2667123.7805089983,2666205.748622099,2672799.326913965,2669871.2848060997,2663524.047236878,2659641.2991740457
Softwood plywood,1909607.509091695,1641036.75763421,1614609.711639184,2011369.4510438098,2059888.965623408,2140086.823113017,2125126.997580812,2130666.220815619,2172299.657482654,2194870.0010604314,2189916.369520044,2184327.680325442,2179348.1939565185,2144610.1937527857,2099646.1179627436,2074801.138405134,2069186.393950294,2056015.115769139,2045432.7045858393,2032255.5594640607,2045337.0326022685,2050148.4874809347,2036400.077526088,2035402.425143315,2037308.126999129,2041206.432175044,2042030.6799727199,2048439.5467366276,2047743.8429150372,2044407.4034867422,2042956.3140295383
Spray applied cementitious,1637155.7351633995,1820485.1275688694,1780649.160280428,1889326.1303594876,1965254.3660055096,2120786.516350212,2053393.0887664277,2022967.724590196,2113698.867177246,2208763.5455734446,2281597.8836416984,2329224.7395540774,2315388.8840565984,2258897.5780465165,2201395.479246414,2142839.1196030015,2090669.4379442679,2049018.3269031318,2010075.7514809836,1975811.989658429,1953117.372516076,1938010.8960347597,1930784.6263005994,1934492.583314759,1945549.849644459,1962016.5807869823,1981865.102669758,2003814.1133688649,2025538.9238215715,2046352.8415699126,2065619.6450366287
Steel - other,587634.7376253115,564355.1912418446,570139.7046638003,652515.8658667466,671329.3516742598,711350.5838197194,696556.62851299,691615.8856567733,714377.4459809787,735004.5172980537,747442.8656211955,755241.2277664345,751799.5593195144,735956.2401054136,718402.5918156832,703659.8457569487,693101.2556529077,683483.6136088544,674797.4412620907,666553.3949272652,664165.4733302612,661735.8994048869,658201.7596755024,658497.7206397757,660518.9155248379,663862.3974266027,667422.971287824,672439.2584187288,676246.8778602155,679607.5322222575,682937.2277959934
Steel door,128601.69005495522,123979.79818713135,123646.05225808885,139597.11801617726,142237.93225273534,149834.50622571466,147420.98736233506,146897.40189216554,151402.84140536093,155220.11016031876,157292.21704756672,158678.938479733,158253.6869013014,155252.45253170872,151791.68735872582,149104.6753759163,147480.78673271043,145955.1636599641,144641.38825295388,143333.26534288295,143300.80822429352,143013.25211605875,142373.4888470725,142531.59455881428,142997.14055939205,143740.74407210812,144512.42619290145,145757.37016950958,146635.65787240712,147469.02598711778,148315.0721087259
Steel door frame,6826.716585464113,6499.458863131811,6499.3357240927535,7522.213852958171,7648.055430827006,8037.667599525771,7905.107914293599,7872.3102906864915,8098.517961768499,8284.178406719402,8375.3213157491,8432.613105364399,8401.019317914048,8234.082957153074,8041.989822361257,7894.297291450799,7805.564004866795,7720.256250702453,7646.604242973274,7572.413649232816,7567.449075872765,7546.231286769651,7503.0885723846295,7501.954279613239,7516.008379852186,7544.054650154933,7572.49187404391,7626.8189874443015,7660.248350486057,7691.181047669503,7723.093765559093
Steel framed window,4147.761689617952,4006.166661087568,4198.9259059106835,4810.271124948445,4911.160813028597,5218.16287833037,5095.7361507938485,5049.781689628484,5232.2921319227335,5404.900888556812,5519.754968456707,5595.345777587641,5569.327143759072,5445.980158974789,5312.694315440029,5193.373385597187,5103.429277841842,5028.481204096928,4961.202381486316,4898.669635475229,4870.823001407564,4843.497834665445,4820.621496347108,4823.8428591031725,4840.108144395684,4867.944665164195,4900.63827267508,4947.856821276638,4986.289603940457,5024.370145982207,5060.666467541058
Steel sheet,453950.5756308573,501426.3231366597,490356.98297487607,494747.4225146647,511112.6774883034,549519.8225376003,533640.4245009546,526924.5725711696,549834.3516511921,573334.7830379504,591039.0689367374,602872.2770651511,599988.6246550708,586104.5366302393,571738.1223312157,557491.7792802132,545321.726982232,535683.8714541987,526788.9873566625,518908.0985543006,514080.881422782,510643.5818480487,509031.8803664708,510221.79045489716,513185.95631635067,517560.26684706943,522786.10245882726,528968.7575446515,534829.4374252214,540585.243771701,545977.0833880871
Stone masonry,415640.7922484493,464975.1292965097,459466.99640415894,482395.7735513842,499929.6761445625,540161.4738011769,522310.3768642153,514075.72592736303,537902.4449529324,563105.0954545997,582755.2716034823,595735.823961437,592150.1977655308,577399.966143373,562518.0343410085,547050.9990067838,533148.9997394719,522313.03433276754,512207.5613655439,503365.3710627228,497072.5160720159,492749.647026,491033.0495612842,492003.28868809657,494861.74769828276,499185.8540995616,504526.0695423263,510585.21563006943,516589.7395297528,522502.16641287063,527945.80931427
Stone tile,46663.8105138204,49376.75779031974,51155.380859339726,54226.13520901017,56082.456032823575,60533.25759744698,58575.37476505338,57683.3660071202,60334.56779755908,63124.48034761278,65291.26865531199,66729.69402679123,66345.51013468597,64711.22866177955,63056.10189884825,61346.390176097615,59824.66183750467,58641.93981718798,57542.52151303733,56578.91471714218,55901.19046504545,55426.78551449642,55239.73029625647,55352.18720547734,55672.105366979726,56156.58793048829,56754.50326070504,57445.91933133754,58123.123150726264,58794.36413210054,59413.89842721408
Stucco finish,999149.6718023344,827664.7110514196,817738.0291549525,1067677.7694054563,1087929.203856394,1123694.308118669,1118208.5155391502,1122421.1139770942,1139997.535998735,1145914.2118675006,1137053.2110672174,1129533.7965288518,1126418.9223784981,1108573.1101529824,1084832.7504280065,1073039.8359410125,1072317.1396981087,1066617.7089460103,1062338.9133270131,1056204.1478703094,1064509.725081299,1067206.5570205199,1058678.253779599,1056773.7174375749,1055973.9101477102,1055974.9629838918,1053964.4084474854,1055328.84386684,1052390.0907880848,1048072.7319030501,1044929.9822490357
Suspension assembly,67061.31403279144,74750.96949855775,70943.95171563438,72184.54328410621,74753.55065946913,80099.98428734437,77971.18201083783,77117.30852829263,80241.26414701805,83365.4097062035,85618.59591845612,87099.78625291018,86689.41654546474,84746.46269552618,82698.27694281032,80754.67934184677,79148.04007008446,77820.2928000271,76595.23718248808,75493.55481940297,74920.66227569114,74512.97383188413,74234.25128732376,74379.62046843153,74771.21526784697,75348.16944892304,76013.8795960228,76799.5545233358,77523.89131411057,78209.71802093355,78859.68862778145
Synthetic composites,218981.108504986,233558.83200200496,228826.21995809703,255916.12861967733,264457.1342669188,283231.03736281674,275368.242333406,272051.72692067805,282955.75319613615,293877.828183638,301727.69140807254,306810.9622349477,305100.7634213821,297962.8950162801,290485.57312112715,283343.5973461113,277393.48934572685,272490.1130325034,267962.95695857843,263883.1953510453,261596.21884367123,259883.8225069575,258711.65514030174,259001.06111502514,260144.6210628808,261942.53868596838,264066.56053109694,266640.1049811977,268987.9241575951,271220.8164221416,273314.1209311017
TPO,48514.086840494994,46948.50304109776,47239.65524451246,55161.8040176333,56187.583540474276,59320.181450477394,58213.30815122479,57892.09768896899,59746.48450735237,61375.076163406804,62323.17123685469,62947.449045966336,62721.606973496695,61450.52102862524,60019.746462551004,58850.61409296052,58077.96620990851,57386.72916190102,56781.45342904373,56193.94882557435,56073.44020451035,55881.153913820584,55610.59844994931,55647.225900243495,55811.666012264934,56092.250446829305,56397.570282299406,56886.42158213656,57242.07500558626,57585.79703685642,57926.276065784914
Terracotta units,154546.2919226068,180246.3480358395,170754.0903158508,163968.44783539322,166391.38261748315,177798.69726696587,173086.05187946255,171190.1457664958,178342.55672024348,185473.61259963157,190746.19758588835,194394.91071184375,193624.78608548036,189232.34192149527,184621.2538153537,180154.5554452962,176583.71065718355,173883.39048088063,171469.74501489388,169300.45062123056,167972.28314342088,166766.1934837857,166269.46235255446,166600.65744094783,167421.94627726977,168728.40318537108,170350.67328519459,172592.73139024028,174572.6034542484,176651.54233469642,178601.55796532793
Terrazzo slabs and tiles,36931.58377135125,47732.59509550327,42838.86782894094,39270.637336690364,40944.60895922321,44405.73368425988,42930.01100742332,42262.258821345575,44321.611480618114,46526.1136354305,48278.56210812831,49451.3400319017,49195.58797460431,48008.8680773929,46817.852709044615,45556.28726361185,44400.75634830821,43505.96088061178,42667.32235530432,41941.83494690953,41428.04290377558,41107.75600474839,41014.02261934589,41149.34192720208,41451.53222206373,41878.03778562883,42392.569863389304,42947.6294009671,43513.33159198397,44065.37400143241,44577.59416699146
Vinyl framed window,32648.143271565175,29161.25995431877,28351.86257447601,34468.69763542924,34975.633221976015,36265.62072460474,35992.68189021018,36065.58121325201,36760.135108816576,37125.57809566056,37029.776536688994,36932.87291891115,36835.10427145388,36218.72940737525,35431.13165525566,34979.767385996594,34869.05867954029,34651.056286199695,34482.74478625719,34267.40913238864,34467.412777101075,34503.27868262425,34258.81374318311,34218.250025924215,34219.659151002474,34259.478521764584,34255.88573568982,34377.6191885803,34366.545013483825,34326.63648469877,34314.472541074094
Wall coverings,14210.599128493524,13636.170553473861,13438.286072692183,15381.506728008855,15788.686219263662,16641.926562589324,16352.360052404527,16275.285591463115,16753.97621270731,17157.53730542963,17364.10661629398,17488.804441161414,17417.6383920055,17070.495999937124,16673.499793231844,16364.952400439335,16168.134453016213,15974.022450175435,15801.603269914613,15631.661035463934,15614.105335510281,15578.291372128566,15488.491600499663,15490.02508736468,15527.013333550969,15591.253445096167,15653.687337755038,15754.150469694581,15818.85804369323,15871.400706079778,15926.8830698717
Windows and frames - other,16860.294171771646,17557.610354890043,18491.946909066486,20016.71222861257,20760.513763438565,22456.546734083586,21754.44092646936,21449.281431259576,22474.590965561867,23558.34649291501,24412.692511539113,24992.575372319938,24883.055430194116,24303.479256665425,23715.61556706577,23102.755441114175,22555.73683482536,22135.961373088914,21745.90821563089,21407.42824201234,21176.489002115322,21026.519387006345,20986.395213366417,21060.824200941817,21215.792774698602,21434.05843988628,21696.483302534274,21992.008061824432,22285.112062304295,22575.51833219641,22846.637869992323
Wood I joists,831582.4680366943,683010.6586930617,672745.2556484626,874759.2563369398,890974.362788367,918469.4809901792,915279.8655643079,919619.4243658097,932828.9500779288,935959.5048412462,926885.916894373,919487.9359502345,917185.3309160005,903168.9872165071,884113.1281503642,875329.1508212787,875881.7938737457,871914.7234296112,869099.1546114879,864595.8850458371,872272.1117788551,875010.5329757303,867911.3754843011,866280.519175719,865453.8700012423,865195.884025493,863131.8624713433,863878.5622804373,860957.5093567083,856853.0310271005,853794.6119728159
Wood and composites - other,378051.82178391144,423780.2503333566,396643.41798146965,411773.5378243276,418189.83462963277,443322.5067047187,433699.0240929987,430373.8666429505,445673.82763333013,459881.6423079538,469181.90341117844,475474.6260424393,473656.4316463529,463546.4320351925,452489.71311813756,442785.7061274102,435803.09380487003,430052.30423329666,424983.01900749,420218.1395717864,418364.561396035,416239.3482654874,414473.56362375076,414891.6923152433,416348.9364675025,418809.8787755497,421696.80804530246,426080.8737343265,429571.77750086255,433130.48767639586,436545.92286249436
Wood door frame,26028.359192521504,22471.863135909596,22029.183261786296,27956.696847316478,28155.035940866706,29019.770351663872,28888.380053738918,29003.18604887202,29468.967497145477,29627.292125819535,29410.341226244316,29241.20904551181,29175.656622530183,28710.66695909958,28093.287221238017,27779.725535777296,27768.754148688648,27650.491061402667,27574.62271346596,27446.65119151796,27661.81765039471,27705.466603375717,27495.656684091904,27446.144411345693,27418.838708360665,27418.75555979482,27377.115379845964,27457.659595660458,27413.57297262901,27351.543986600467,27315.670137920333
Wood framed window,1919.7202543779615,2307.7927460784827,2163.461112658989,2073.7797486492277,2156.4029977857344,2334.858124273997,2257.552684120427,2222.3165474541806,2328.333005919141,2441.236158337711,2530.270365514909,2589.5637619911745,2575.2980160190455,2512.373744007781,2449.064219461057,2382.5669631541605,2322.1747078467542,2275.2888323218453,2231.444747592689,2193.3305213219487,2166.30057085667,2148.7056454911044,2142.739480399821,2148.6320948287203,2163.0311590778997,2183.8823242678736,2209.261020036617,2237.2115877700144,2265.367297343208,2292.9491699413225,2318.4669129279587
Wood or composite door,673391.5847163374,558666.989544639,548046.7640176413,713272.3392501713,724318.924359341,746071.1466900599,743676.6529567046,747327.1346830272,757990.2802340883,760363.5817359436,752849.7453522711,746845.6044875789,745083.7241246034,733723.9806381635,718245.8025093902,711138.404131692,711754.3428683862,708784.3684701738,706785.5474775877,703370.2814183619,709699.2793106264,711807.0403808878,706082.3485828834,704735.7193093023,703990.0735690051,703737.864776372,702066.4668755446,702907.5135305108,700665.9727091772,697569.6722958509,695305.9899157751
Zinc sheet,4243.98250257391,4381.458483002141,4593.904501580904,6335.508433007744,6584.27051710222,7118.355617266306,6860.944886129103,6733.617984007629,7039.677186826446,7366.593876311761,7620.020474414856,7780.711494378782,7716.488694053587,7506.958361375571,7297.873063905362,7079.091573979257,6878.085663452503,6718.4388049879035,6568.3332556747855,6436.367939426609,6337.502475198803,6268.50125336438,6234.212984055327,6234.714537065196,6260.261545576666,6304.244667897427,6361.034082608474,6423.5170499209435,6486.996608807905,6547.9566076167985,6602.514503339966
